,0,1
2911,салка,0.687
2363,палка,0.678
1799,марка,0.664
2590,порка,0.65
1430,корка,0.65
2385,парта,0.648
1257,карта,0.648
164,балка,0.647
2922,самка,0.646
1768,малка,0.645
3124,солка,0.641
390,валка,0.641
2383,парок,0.64
1225,калла,0.638
1231,камка,0.637
2926,сапка,0.635
1252,карда,0.634
399,варна,0.633
1255,карма,0.633
2898,садка,0.632
1386,колка,0.632
2893,савка,0.631
2930,саржа,0.63
3835,чарка,0.629
1259,каска,0.629
593,галка,0.629
1251,карга,0.627
2374,папка,0.627
940,жарка,0.624
2912,салма,0.623
2990,серка,0.623
1206,кадка,0.623
2389,парша,0.622
1807,матка,0.622
2399,патуа,0.621
2388,парча,0.621
1239,канна,0.62
2369,панна,0.62
3323,татка,0.62
403,ватка,0.618
3148,сотка,0.617
1785,манка,0.614
2433,перка,0.614
1589,латка,0.612
3830,чалка,0.61
2904,сайка,0.61
1222,калба,0.608
2406,пачка,0.607
1271,качка,0.607
1274,кашка,0.605
1576,ланка,0.605
841,дорка,0.605
1776,мамка,0.605
2379,парик,0.605
2723,ранка,0.604
400,варок,0.604
3137,сорок,0.603
689,горка,0.602
1408,конка,0.601
2914,салон,0.601
2351,пайка,0.601
2094,норка,0.6
1890,молка,0.6
1312,кирка,0.599
2671,пурка,0.598
1531,курка,0.598
2022,нарта,0.598
604,ганка,0.598
3992,шорка,0.598
1267,каток,0.598
2015,нанка,0.596
2991,серна,0.596
1802,маска,0.596
144,бабка,0.595
3322,таска,0.595
2718,рамка,0.595
2593,порок,0.594
3317,тапка,0.593
2931,сарос,0.592
3143,соска,0.592
752,дамка,0.592
165,балок,0.591
174,баржа,0.591
3712,хатка,0.59
3130,сопка,0.59
1211,казна,0.589
3020,силка,0.589
1798,маржа,0.589
1581,ларва,0.589
1787,манна,0.588
1586,ласка,0.587
606,гарда,0.586
162,балда,0.586
3114,совка,0.585
391,валок,0.585
2935,сауна,0.585
1577,лапка,0.585
2367,панда,0.585
2344,падла,0.584
395,ванна,0.584
1751,мазка,0.583
943,жатка,0.582
1053,зарок,0.582
2998,сетка,0.581
2586,попка,0.581
1238,канва,0.581
2391,паста,0.581
1831,мерка,0.581
1262,каста,0.581
1419,копка,0.581
3355,терка,0.58
2473,пилка,0.58
3242,сурна,0.58
179,барон,0.58
1558,лавка,0.58
746,давка,0.577
2918,самба,0.577
1232,камса,0.577
1909,мотка,0.576
1358,ковка,0.576
2900,садок,0.576
1388,колок,0.576
1432,корча,0.575
2600,порча,0.575
200,башка,0.574
1099,золка,0.574
3926,шапка,0.574
1564,лазка,0.573
3701,хамка,0.573
3329,тачка,0.573
1623,лерка,0.572
3330,ташка,0.571
3912,шавка,0.57
171,барак,0.57
1583,ларек,0.569
504,волна,0.569
1758,майка,0.569
1261,касса,0.569
3592,фаска,0.569
3156,сошка,0.568
1250,карат,0.568
241,бирка,0.568
941,жарок,0.568
3755,холка,0.568
2906,саква,0.568
350,бурка,0.567
1936,мурка,0.566
2390,пасма,0.566
2905,сайра,0.566
1808,маток,0.566
939,жамка,0.565
213,белка,0.565
1595,лачка,0.565
2887,сабза,0.565
1018,заика,0.565
3144,сосна,0.565
3119,сойка,0.565
2057,нерка,0.564
292,борок,0.564
2365,пампа,0.564
2423,пенка,0.564
3474,турка,0.564
1380,колба,0.563
2560,полба,0.563
1901,морок,0.562
2382,парод,0.562
396,ванта,0.562
3344,телка,0.562
1234,камча,0.562
1215,кайла,0.562
1765,малек,0.561
2620,почка,0.561
2936,сафра,0.561
755,дачка,0.561
1459,кочка,0.561
1240,канон,0.561
2348,пазок,0.56
1568,лайка,0.56
2939,сачок,0.56
2909,салат,0.559
3304,талон,0.559
1194,кааба,0.559
1461,кошка,0.559
2102,нотка,0.558
1788,манок,0.558
2913,салол,0.558
3584,фалда,0.557
2896,саджа,0.557
1217,кайра,0.557
385,валек,0.557
3314,танок,0.557
1392,колча,0.557
2551,пойка,0.556
2384,паром,0.556
1899,морда,0.556
1371,койка,0.556
169,банда,0.555
836,донка,0.555
2711,раина,0.554
1420,копна,0.554
1767,малик,0.554
682,гонка,0.553
2393,пасха,0.553
591,гайка,0.553
1780,манда,0.553
2031,наука,0.553
1248,каппа,0.553
895,дурка,0.553
1220,калан,0.553
934,жабка,0.553
3302,талик,0.553
1450,коток,0.552
3939,шашка,0.552
3928,шарик,0.552
2612,поток,0.552
3698,халда,0.552
2404,пахта,0.552
1272,качок,0.551
3243,сурок,0.551
2908,салар,0.55
95,аорта,0.55
389,валик,0.55
344,булка,0.549
2478,пинка,0.549
2903,сайда,0.549
3785,цапка,0.549
3916,шайка,0.549
3415,тоска,0.549
1689,ломка,0.549
1854,милка,0.548
3233,сумка,0.548
3697,халва,0.548
3026,симка,0.548
3831,чалма,0.547
1389,колон,0.547
3407,топка,0.547
3410,торба,0.547
3709,харон,0.547
2570,полон,0.547
1746,маета,0.546
2429,перга,0.545
471,вилка,0.544
283,бонна,0.544
1019,зайка,0.544
1292,кепка,0.544
1254,кария,0.544
2380,пария,0.544
1574,ланда,0.543
2487,пирок,0.543
1759,майна,0.543
1348,коала,0.543
2933,сатин,0.543
1532,курок,0.542
183,басок,0.542
176,барит,0.542
3293,тайна,0.541
3403,тонна,0.541
172,баран,0.541
2902,сайга,0.541
1384,колик,0.541
1279,каюта,0.541
492,водка,0.541
2897,садик,0.541
2915,салоп,0.54
1841,метка,0.54
505,волок,0.54
3919,шалон,0.54
1065,заток,0.54
1247,капот,0.539
188,батек,0.539
190,батон,0.539
1796,маран,0.539
2594,порос,0.538
3318,таран,0.538
1258,касик,0.538
3839,чашка,0.538
3364,тетка,0.538
843,доска,0.538
1361,кодла,0.538
1216,кайма,0.538
3929,шасла,0.537
1265,катет,0.537
1805,масса,0.537
2095,норма,0.537
1579,лапта,0.537
2929,сарай,0.536
2349,пайва,0.536
1682,лодка,0.536
3145,сосок,0.536
1421,копра,0.536
3136,сорит,0.536
442,ветка,0.535
181,басма,0.535
1349,коата,0.535
398,варан,0.535
1353,кобра,0.535
3011,сидка,0.535
1775,мамба,0.535
1403,комок,0.535
1969,набла,0.535
3789,царек,0.534
1889,молва,0.534
3308,тамга,0.534
3827,чайка,0.534
3003,сивка,0.534
3000,сечка,0.533
497,возка,0.533
2099,носка,0.533
1527,курва,0.533
3021,силок,0.533
2400,пауза,0.533
3240,суржа,0.532
3653,фомка,0.532
2361,палея,0.532
2350,пайза,0.532
1763,макса,0.532
1828,менка,0.532
1316,киска,0.531
163,балет,0.531
299,бочка,0.531
3295,такса,0.531
3235,сунна,0.531
3900,чурка,0.531
1627,летка,0.53
1195,кабак,0.53
748,дайна,0.53
2934,сатир,0.53
1916,мочка,0.529
3115,совок,0.529
603,ганза,0.529
2395,патан,0.529
1311,кирза,0.529
512,ворон,0.529
1310,кипка,0.529
837,донна,0.529
1246,капор,0.529
2482,пипка,0.529
2669,пурга,0.529
2000,накра,0.529
3116,согра,0.529
1264,катер,0.528
1400,комма,0.528
3842,челка,0.528
3655,форма,0.528
381,вакса,0.528
2396,патер,0.528
1443,косок,0.527
1815,мачта,0.527
688,горжа,0.527
790,детка,0.527
1754,мазок,0.527
1917,мошка,0.527
3419,точка,0.527
513,ворот,0.526
598,гамма,0.526
2355,палас,0.526
991,журка,0.526
247,битка,0.526
503,волга,0.526
1425,коран,0.526
2362,палия,0.526
3764,хорда,0.525
387,валет,0.525
2342,пагон,0.525
2448,печка,0.525
3394,толпа,0.525
2610,потек,0.524
3657,фоска,0.524
1813,махра,0.523
1884,мойка,0.523
2377,парез,0.523
2375,парад,0.523
2479,пинна,0.523
1313,кирха,0.523
2454,пешка,0.523
518,вошка,0.523
1037,замок,0.523
751,дамба,0.522
1572,лампа,0.522
3575,фабра,0.521
2917,саман,0.521
2719,рампа,0.521
3347,темка,0.521
194,бахта,0.521
2587,попса,0.521
1911,моток,0.52
1441,косма,0.52
1208,казак,0.52
3298,талан,0.52
3249,сутра,0.52
2368,панер,0.52
1777,мамон,0.52
597,гамба,0.52
1266,катод,0.52
199,бачок,0.52
3395,толща,0.52
225,берма,0.52
1237,канат,0.519
831,домна,0.519
2028,натек,0.519
3138,сором,0.519
1769,малое,0.519
1390,колос,0.519
1814,мачок,0.519
2580,помпа,0.518
3299,талер,0.518
3327,тахта,0.518
1565,лазок,0.518
3251,сучка,0.518
1051,зарин,0.518
2386,парун,0.518
3587,фанза,0.518
1449,котик,0.517
1789,манор,0.517
1263,катар,0.517
3597,фауна,0.517
1230,камин,0.517
2708,разок,0.517
4068,щурка,0.517
3356,терма,0.517
942,жатва,0.516
1404,конек,0.516
3241,сурик,0.516
3372,тинка,0.516
3254,сушка,0.516
850,дочка,0.516
1665,литка,0.515
1382,колет,0.515
1742,магма,0.515
3325,тафта,0.515
386,валер,0.515
406,вахта,0.515
2561,полет,0.515
2888,сабин,0.514
1683,ложка,0.514
2055,ненка,0.514
3155,сочок,0.514
851,дошка,0.514
3790,цацка,0.514
1110,зурна,0.514
2810,ройка,0.513
2621,почта,0.513
1223,калий,0.513
184,басон,0.513
295,ботва,0.513
1203,кагор,0.513
2488,пирон,0.513
3751,ходка,0.513
3703,хамса,0.513
3360,теска,0.513
3829,чакра,0.512
1891,молот,0.512
749,дайра,0.512
2021,народ,0.512
1062,затек,0.512
1253,кариб,0.512
3826,чадра,0.512
1066,затон,0.511
1580,лапша,0.511
589,газок,0.511
1804,масон,0.511
2910,салеп,0.511
2002,налет,0.511
3013,сиена,0.511
2360,палец,0.511
2104,ночка,0.511
204,бедка,0.511
2823,роток,0.51
519,вояка,0.51
1694,лоток,0.51
157,байда,0.51
1824,мекка,0.51
345,булла,0.51
1352,кобза,0.51
1870,мирок,0.51
823,дойка,0.51
1407,коник,0.51
1008,задок,0.51
1385,колит,0.509
1320,кичка,0.509
215,белок,0.509
3707,ханша,0.509
3127,сомик,0.509
1596,лачок,0.509
2925,сапер,0.509
2737,рачок,0.509
2885,сабан,0.509
1547,кучка,0.509
2678,пучка,0.509
1927,мулла,0.508
3476,турок,0.508
935,жабра,0.508
352,бурса,0.508
969,жилка,0.508
984,жопка,0.508
896,дурра,0.508
2716,ракша,0.508
427,верба,0.508
2891,саван,0.507
1705,лунка,0.507
2680,пушка,0.507
2353,пакет,0.507
2074,нитка,0.507
1321,кишка,0.507
3705,ханжа,0.507
3125,солод,0.507
1010,заеда,0.507
1826,мелок,0.507
1204,кадет,0.507
1039,замша,0.506
592,галит,0.506
2592,пороз,0.506
1381,колер,0.506
349,бурда,0.506
3837,часок,0.506
2703,раджа,0.506
2086,ножка,0.506
3345,телок,0.506
2591,порог,0.505
1624,леска,0.505
3856,четка,0.505
1052,зарод,0.505
2048,немка,0.505
785,дерма,0.505
434,верша,0.504
3022,силон,0.504
599,гамон,0.504
1933,мурда,0.504
3414,торос,0.504
472,вилла,0.504
2568,полой,0.503
2595,порох,0.503
2976,секта,0.503
3300,талес,0.503
2376,параф,0.503
1453,кофта,0.503
490,вобла,0.503
4040,шутка,0.503
1027,залет,0.503
624,герма,0.502
156,байга,0.502
2773,репка,0.502
2359,палех,0.502
2008,намек,0.502
1620,лепка,0.502
1431,короб,0.501
3286,тавот,0.501
2481,пинта,0.501
3120,сойма,0.501
281,бонза,0.501
2494,питок,0.501
833,домра,0.501
175,барий,0.501
2901,сазан,0.5
1399,комик,0.5
1244,капер,0.5
3337,тезка,0.5
1196,кабан,0.5
1842,метла,0.5
3784,цанга,0.5
1918,мошна,0.5
1270,кацик,0.5
1539,куток,0.5
2356,палац,0.5
1067,затор,0.499
782,дерба,0.499
1872,миска,0.499
2564,полир,0.499
186,батан,0.499
3937,шахта,0.499
3291,тайга,0.499
2812,ролик,0.499
1567,лайда,0.498
2006,налой,0.498
1219,калам,0.498
2032,нафта,0.498
377,вабик,0.498
1869,мирза,0.497
402,ватин,0.497
2992,серое,0.497
946,желна,0.497
2706,радон,0.496
443,ветла,0.496
768,дедка,0.496
3281,табак,0.496
2397,патио,0.496
3922,шамот,0.496
1934,мурза,0.496
2617,почва,0.496
187,батат,0.496
1462,кошма,0.496
1505,кулек,0.495
765,девка,0.495
331,будка,0.495
2474,пилон,0.495
3123,солея,0.495
1795,марал,0.495
1915,мохна,0.495
3284,табор,0.494
1509,кулон,0.494
2967,седок,0.494
2979,семга,0.494
379,вазон,0.494
3037,сирен,0.494
3113,совик,0.494
196,бахча,0.494
2579,помор,0.494
2892,савар,0.494
2894,саган,0.494
240,биржа,0.493
3129,сонет,0.493
1362,кодон,0.493
667,голик,0.493
2553,пойма,0.493
3914,шажок,0.493
1690,ломок,0.493
3313,танин,0.493
2964,севок,0.493
1376,кокон,0.493
397,вапор,0.493
2815,ромок,0.493
500,война,0.493
2381,парня,0.493
596,гамак,0.493
2480,пинок,0.493
887,думка,0.493
268,бобок,0.493
3133,сопор,0.492
1588,латин,0.492
2569,полом,0.492
2458,пиала,0.492
168,банан,0.492
2728,ратин,0.492
285,борат,0.492
2589,порей,0.492
3745,хоана,0.492
280,бомба,0.492
3303,талия,0.492
2475,пилот,0.492
1229,камея,0.492
2693,пялка,0.492
1750,мазик,0.492
951,женка,0.492
1209,казан,0.491
1296,кечуа,0.491
2927,сапог,0.491
3607,ферма,0.491
3366,течка,0.491
4056,щетка,0.491
3290,тазик,0.491
2977,селен,0.491
2755,резка,0.491
2387,парус,0.491
3111,собор,0.491
2089,нолик,0.491
3633,финка,0.49
1743,магот,0.49
1566,лайба,0.49
2585,попик,0.49
2059,нерпа,0.49
2988,серир,0.49
2358,палаш,0.49
832,домок,0.49
3224,суета,0.489
2357,палач,0.489
207,бейка,0.489
1221,калач,0.489
1256,карст,0.489
378,вагон,0.489
1241,каноэ,0.489
3874,читка,0.489
3367,тешка,0.489
1224,калиф,0.489
478,вирша,0.489
1661,лиска,0.489
2581,понос,0.488
1214,кайен,0.488
3931,шатен,0.488
2720,ранет,0.488
1782,манер,0.488
736,гурда,0.488
1507,кулик,0.488
473,вилок,0.488
296,ботик,0.487
1383,колея,0.487
3609,феска,0.487
1584,ларец,0.487
1740,магик,0.487
1500,кукла,0.487
1707,лупка,0.487
2566,полог,0.487
173,бареж,0.487
3989,шобла,0.487
1294,кетон,0.487
1658,липка,0.487
3038,сирин,0.487
2567,полоз,0.487
3393,толос,0.486
445,вешка,0.486
2418,пемза,0.486
1492,кудла,0.486
1201,каган,0.486
586,гавот,0.486
3696,халат,0.486
2834,рубка,0.485
1369,козон,0.485
3910,шабот,0.485
2686,пытка,0.485
1227,камас,0.485
3234,сумма,0.485
1048,запон,0.484
436,весна,0.484
3593,фасон,0.484
2476,пимок,0.484
3382,титла,0.484
1503,кулак,0.484
824,дойна,0.484
1692,лонжа,0.484
2978,селин,0.484
2818,ронжа,0.484
2565,полис,0.484
2401,пафос,0.484
2016,нанос,0.484
3963,ширма,0.483
506,волос,0.483
1638,ливка,0.483
2005,налог,0.483
1317,киста,0.483
594,галоп,0.483
413,вейка,0.483
1202,кагат,0.483
1427,корец,0.483
590,газон,0.482
2528,побор,0.482
1360,кодак,0.482
2707,разик,0.482
150,багор,0.482
1038,замор,0.482
177,барич,0.482
3865,чинка,0.482
2776,речка,0.482
873,дубка,0.482
1871,мирон,0.481
4148,рамен,0.481
3846,черва,0.481
2824,ротон,0.481
1377,кокор,0.481
909,дырка,0.481
1024,закон,0.481
1676,лобок,0.481
2659,пудра,0.481
1306,кинза,0.48
3915,шайба,0.48
159,бакен,0.48
2039,наяда,0.48
1874,митра,0.48
1774,маман,0.48
343,булга,0.48
1032,залом,0.48
880,дудка,0.48
425,вента,0.48
750,далия,0.48
3268,сырок,0.48
2421,пенек,0.48
2960,севба,0.48
211,белек,0.48
2777,решка,0.48
631,гибка,0.48
3854,ческа,0.479
3798,целла,0.479
2535,погон,0.479
2019,напор,0.479
1885,мойра,0.479
2345,падог,0.479
1912,мотор,0.479
607,гарем,0.479
724,губка,0.479
2920,самец,0.479
627,гетра,0.479
189,батог,0.479
3222,судок,0.478
1971,набор,0.478
1236,канал,0.478
1766,малец,0.478
2670,пурин,0.478
366,былка,0.478
2624,поэма,0.477
3121,сойот,0.477
2760,рейка,0.477
2403,пахит,0.477
1609,лежка,0.477
972,жинка,0.477
3341,телек,0.477
2588,порез,0.477
499,возок,0.477
2100,носок,0.477
1610,лейка,0.477
3023,силос,0.477
3269,сырца,0.477
2378,парни,0.476
2782,ризка,0.476
1944,мучка,0.476
2215,оолит,0.476
3402,тоник,0.476
1041,занос,0.476
2709,разор,0.476
3635,фирма,0.476
2611,потир,0.476
2886,сабей,0.476
1031,залог,0.475
3680,фурма,0.475
3019,силен,0.475
1762,макет,0.475
787,десна,0.475
3481,тучка,0.475
3932,шатер,0.475
3870,чирок,0.475
2484,пирит,0.475
1535,кусок,0.475
2816,ромша,0.475
300,бочок,0.475
2596,порск,0.475
2822,ротик,0.475
1007,задик,0.475
2064,нивка,0.475
1983,нагон,0.475
1875,мишка,0.475
2769,рента,0.474
1617,лента,0.474
3320,тариф,0.474
611,гачек,0.474
4029,шубка,0.474
2712,район,0.474
1946,мушка,0.474
770,дежка,0.474
1059,засор,0.474
1628,леток,0.474
291,боров,0.474
388,валец,0.474
2575,помет,0.474
664,годок,0.473
2668,пупок,0.473
1888,мокша,0.473
2020,нарез,0.473
1900,мороз,0.473
2980,семик,0.473
2352,пайол,0.473
1429,кореш,0.473
3482,тушка,0.473
1049,запор,0.472
2547,позор,0.472
3780,хурда,0.472
2417,пелит,0.472
2495,питон,0.472
1747,мажор,0.472
2937,сахар,0.472
346,бурак,0.472
1760,майор,0.472
4037,шурпа,0.472
1490,кубок,0.471
2483,пират,0.471
1685,локва,0.471
669,голос,0.471
3781,хурма,0.471
2989,серия,0.471
502,волан,0.471
3343,телик,0.471
3788,цапфа,0.471
2576,помин,0.471
3306,тальк,0.47
248,биток,0.47
2009,намет,0.47
974,жирок,0.47
326,бубна,0.47
3319,тараф,0.47
996,забор,0.47
3836,часик,0.47
274,божок,0.469
511,ворог,0.469
728,гузка,0.469
3112,совет,0.469
1242,канун,0.469
1299,кивок,0.469
166,балык,0.469
158,бакан,0.469
2825,ротор,0.469
2696,пятка,0.468
2067,низка,0.468
1009,задор,0.468
692,город,0.468
936,жажда,0.468
1373,койот,0.468
415,велик,0.468
152,бадан,0.468
3399,томик,0.467
1555,лабет,0.467
1616,ленок,0.467
224,берет,0.467
1435,коряк,0.467
2405,пацан,0.467
2996,серая,0.467
2010,намин,0.467
3803,цепка,0.467
514,ворох,0.467
3315,тапер,0.467
2854,ручка,0.467
1004,загон,0.467
2026,насос,0.466
825,дойра,0.466
1660,лирик,0.466
1378,кокос,0.466
2558,покос,0.466
3576,фавор,0.466
359,бутса,0.466
3294,такое,0.465
1050,зарез,0.465
236,билон,0.465
2675,путик,0.465
4053,щепка,0.464
1324,клака,0.464
2916,салют,0.464
3658,фотон,0.464
4055,щерба,0.464
1512,кумжа,0.464
482,виток,0.464
2029,натес,0.463
1926,мулек,0.463
3578,фагот,0.463
1633,лиана,0.463
2731,рафик,0.463
149,багет,0.463
1618,ленца,0.463
1036,замет,0.463
1590,латук,0.463
3588,фарад,0.463
3793,цевка,0.463
384,валеж,0.462
2613,потоп,0.462
1778,манас,0.462
2578,помол,0.462
287,борей,0.462
2924,санки,0.462
1218,какао,0.462
3252,сучок,0.462
1784,мания,0.462
1374,кокет,0.462
1830,мерин,0.461
3151,сотая,0.461
246,битва,0.461
827,домек,0.461
3039,сироп,0.461
1999,накос,0.461
902,душка,0.461
789,детва,0.461
4069,щурок,0.461
1197,кабил,0.461
641,гичка,0.461
2531,повет,0.46
380,вакат,0.46
3921,шаман,0.46
3301,талиб,0.46
1016,зазор,0.46
1960,мялка,0.46
3586,фанат,0.46
3316,тапир,0.46
1907,мотет,0.459
3230,сулой,0.459
2366,панаш,0.459
3720,херик,0.459
4051,щелок,0.459
796,диана,0.459
1060,засос,0.459
3409,топот,0.459
2682,пушта,0.459
3009,сигма,0.459
2972,сейба,0.459
882,дужка,0.458
3122,сокол,0.458
1307,киник,0.458
1688,ломик,0.458
3752,ходок,0.458
2626,прана,0.458
2011,намол,0.458
1883,мойва,0.458
1293,кетен,0.458
267,бобик,0.458
838,донор,0.458
605,гараж,0.458
1684,ложок,0.458
2807,розга,0.458
2803,рожок,0.458
678,гомон,0.458
1621,лепра,0.458
2928,сапун,0.458
3014,сижок,0.457
893,дурак,0.457
2577,помои,0.457
3927,шарап,0.457
1560,ладан,0.457
1749,мазер,0.457
2971,сезон,0.457
1402,комод,0.457
2465,пизда,0.457
227,бетон,0.456
3654,фонон,0.456
3897,чулок,0.456
2839,руина,0.456
273,божба,0.456
819,догма,0.456
3406,топик,0.456
1243,канюк,0.456
1504,кулан,0.455
2442,песик,0.455
3875,чомга,0.455
1414,копер,0.455
3321,тарын,0.455
1063,затес,0.455
3861,чешка,0.455
683,гонор,0.455
830,домик,0.455
2702,рабат,0.455
693,горох,0.455
3783,цадик,0.455
3594,фатом,0.455
3502,уазик,0.455
3972,шишка,0.455
784,дерен,0.455
2974,сейша,0.455
3245,сусек,0.455
1838,метек,0.455
383,валах,0.455
1975,навет,0.455
275,бозон,0.454
1442,косой,0.454
3139,сорус,0.454
633,гиена,0.454
1622,лепта,0.454
1832,месса,0.454
1695,лотос,0.454
148,багер,0.454
1397,комар,0.454
2604,посол,0.454
3833,чалая,0.454
1545,кухта,0.454
437,весок,0.454
1391,колун,0.454
2096,норов,0.454
2500,пихта,0.454
2486,пирог,0.454
1892,молох,0.453
2472,пилат,0.453
2959,севак,0.453
288,борец,0.453
1501,кукша,0.453
1517,кунак,0.453
747,дадан,0.453
3368,тиара,0.453
1783,мание,0.453
3591,фасет,0.453
2679,пучок,0.453
1605,легуа,0.453
2470,пикша,0.453
1819,медок,0.453
1034,замер,0.453
2004,налим,0.453
1028,залец,0.453
2842,рулон,0.452
2556,покер,0.452
595,галун,0.452
3413,торий,0.452
2001,налеп,0.452
3288,таган,0.452
2489,пироп,0.452
3994,шорох,0.451
3041,сирая,0.451
1064,затея,0.451
2555,покат,0.451
1447,котел,0.451
2820,ропот,0.451
2681,пушок,0.451
1827,мелос,0.451
2430,перед,0.451
2562,полив,0.451
290,борид,0.451
3602,фелон,0.451
1686,локон,0.451
3934,шатия,0.45
3700,хамит,0.45
668,голод,0.45
1356,ковер,0.45
333,будра,0.45
3411,торец,0.45
2563,полип,0.45
1614,лемма,0.45
3408,топор,0.45
3282,табес,0.45
1625,лесок,0.449
2792,робот,0.449
2573,поляк,0.449
2539,подол,0.449
1662,литва,0.449
2445,петит,0.449
3205,стрик,0.449
2557,покой,0.449
998,завет,0.448
1417,копир,0.448
313,брика,0.448
2811,рокот,0.448
2093,нория,0.448
3637,фишка,0.448
154,базар,0.448
507,волох,0.448
1800,марля,0.448
4067,щупка,0.448
2538,подой,0.448
4060,щипка,0.448
2431,перец,0.447
3091,слука,0.447
3117,содом,0.447
1260,каско,0.447
2044,недра,0.447
1015,зажор,0.447
3110,собес,0.447
1562,лазер,0.447
2018,напой,0.447
3754,холин,0.447
3610,фетва,0.447
3906,шабер,0.447
2003,налив,0.447
3920,шалун,0.447
2533,повой,0.447
1997,накат,0.447
3734,хирот,0.447
1967,набат,0.447
2373,папеж,0.447
3899,чурек,0.446
3311,танец,0.446
1249,капут,0.446
2103,ночва,0.446
2347,падун,0.446
1748,мазар,0.446
1674,лобик,0.446
2984,сенат,0.446
2527,побои,0.446
3349,тенек,0.446
1530,курия,0.446
3904,шабат,0.445
1935,мурин,0.445
3695,халал,0.445
1998,накол,0.445
1207,кадык,0.445
2343,падеж,0.444
1458,кочет,0.444
1848,мечта,0.444
4147,стена,0.444
3244,сусак,0.444
4057,щечка,0.444
2890,сабур,0.444
2618,почет,0.444
1987,надой,0.444
1199,кавун,0.444
495,вожжа,0.444
2809,ройба,0.444
2546,позер,0.444
2314,отрок,0.443
1812,махан,0.443
1606,ледок,0.443
2794,ровик,0.443
192,батут,0.443
839,донос,0.443
618,гемма,0.443
1524,купон,0.443
1978,навой,0.443
2532,повод,0.443
2819,ропак,0.443
1757,майер,0.443
2727,ратай,0.443
1713,лытка,0.443
347,буран,0.443
3229,сулея,0.443
608,гарус,0.442
496,возик,0.442
1200,кагал,0.442
1058,засол,0.442
2098,носик,0.442
2071,нилот,0.442
2469,пикон,0.442
1634,либра,0.441
1986,надир,0.441
2619,почин,0.441
3328,тацет,0.441
2463,пижма,0.441
3959,шинок,0.441
3681,фурор,0.441
3766,хорея,0.441
1080,зебра,0.441
1205,кадиш,0.44
769,дедок,0.44
475,виола,0.44
2372,папах,0.44
2981,семит,0.44
3379,тиран,0.44
2037,начет,0.44
3869,чирик,0.44
358,бутон,0.44
1030,зализ,0.44
3903,чушка,0.44
2530,повар,0.44
348,бурат,0.44
1047,запой,0.44
1940,мутон,0.439
1029,залив,0.439
480,висок,0.439
3749,ходжа,0.439
3309,тамил,0.439
855,драка,0.439
1022,закат,0.439
2394,пасюк,0.439
1745,мадия,0.439
214,белое,0.439
3219,судак,0.439
663,годик,0.438
1592,лафет,0.438
3012,сидор,0.438
239,биота,0.438
1653,линза,0.438
995,забой,0.438
1023,закол,0.438
1035,замес,0.438
2108,нулик,0.438
2721,ранец,0.437
3918,шалаш,0.437
3390,тойон,0.437
816,добор,0.437
684,гопак,0.437
1300,кивот,0.437
424,веник,0.437
155,базис,0.437
3925,шанкр,0.437
1456,кочан,0.436
2687,пышка,0.436
798,диета,0.436
2438,перун,0.436
1488,кубик,0.436
3778,хунта,0.436
1543,кухва,0.436
2606,посох,0.436
3894,чуйка,0.436
2038,начин,0.436
992,жучка,0.436
3625,филон,0.436
1773,мамай,0.436
3464,тумба,0.436
3152,софит,0.436
416,велит,0.436
430,верес,0.436
1829,мерея,0.436
625,герой,0.436
2364,палуб,0.436
2081,новик,0.435
1903,моряк,0.435
1781,манеж,0.435
2895,сагиб,0.435
2117,оазис,0.435
686,горец,0.435
1980,наган,0.435
938,жакет,0.435
3814,цитра,0.435
1973,навар,0.435
2058,нерол,0.435
2501,пицца,0.435
780,денек,0.434
588,гадес,0.434
1405,конец,0.434
3756,холод,0.434
1849,мешок,0.434
3078,скука,0.434
2734,рахит,0.434
587,гагат,0.434
467,видок,0.434
2092,нонет,0.434
3694,хакер,0.434
2658,пудик,0.434
685,горал,0.433
3823,чабан,0.433
3851,черен,0.433
3397,томан,0.433
3350,тенор,0.433
632,гидра,0.433
3487,тырса,0.433
1073,зачет,0.433
278,болид,0.433
1460,кошер,0.433
1557,лавис,0.433
2932,сарыч,0.433
234,билет,0.433
2537,подог,0.433
3583,факир,0.432
431,верея,0.432
414,векша,0.432
3828,чакан,0.432
1821,мезга,0.432
3580,фазан,0.432
1233,камус,0.432
1786,манко,0.432
585,вятка,0.432
3824,чабер,0.432
1810,матюк,0.432
828,домен,0.432
601,ганец,0.431
1278,кащей,0.431
999,завод,0.431
1974,навес,0.431
3060,скена,0.431
3185,стела,0.431
3232,сумет,0.431
1680,логик,0.431
3990,шорец,0.431
1993,нажин,0.431
2414,пейот,0.431
1528,курец,0.431
1593,лафит,0.431
1363,кожан,0.431
661,говор,0.431
1098,зобик,0.431
337,буква,0.43
3812,цирик,0.43
106,арека,0.43
4035,шумок,0.43
3263,сынок,0.43
1761,макао,0.43
2713,ракия,0.43
3398,томат,0.43
4086,эолит,0.43
2762,релит,0.43
3392,толай,0.43
1426,корни,0.43
1210,казах,0.429
3044,ситар,0.429
681,гонит,0.429
1418,копия,0.429
1074,зачин,0.429
1526,курай,0.429
3140,сосед,0.429
1700,лубок,0.429
1897,моном,0.429
2584,попас,0.429
3171,среда,0.429
2804,рожон,0.428
753,датив,0.428
4031,шудра,0.428
1563,лазея,0.428
2013,нанай,0.428
4052,щенок,0.428
3765,хорей,0.428
4070,щучка,0.428
1977,навоз,0.428
662,гогот,0.428
1437,косая,0.427
2041,невма,0.427
210,бекон,0.427
1081,зевок,0.427
4146,румба,0.427
3923,шанец,0.427
937,жакан,0.427
732,гумма,0.427
671,голая,0.427
3797,целик,0.427
3747,хобот,0.427
3767,хохма,0.427
1290,кенар,0.427
822,дозор,0.427
1741,магия,0.426
875,дубок,0.426
2965,седан,0.426
143,бабай,0.426
1394,кольт,0.426
1970,набоб,0.426
3141,сосец,0.425
3699,халиф,0.425
2153,оброк,0.425
3477,тутор,0.425
1057,засов,0.425
4036,шурин,0.425
735,гуран,0.425
1601,левша,0.425
1339,клюка,0.425
2899,садно,0.424
3689,хабар,0.424
3615,фибра,0.424
2813,роман,0.424
777,демон,0.424
1468,краса,0.424
2938,сахиб,0.424
3935,шатун,0.424
1976,навис,0.424
3579,фадом,0.424
1014,зажин,0.424
3030,синод,0.424
493,вожак,0.424
3067,склон,0.424
1569,лакей,0.424
2705,радио,0.423
1801,масаи,0.423
364,бухта,0.423
1981,нагар,0.423
3095,смена,0.423
2961,север,0.423
1652,линек,0.423
1455,коцит,0.423
266,бобер,0.423
3049,сифон,0.423
342,булат,0.422
1904,мосол,0.422
907,дымка,0.422
754,дацан,0.422
1698,лошак,0.422
1855,милое,0.422
1350,кобел,0.422
3750,ходик,0.422
1772,маляр,0.421
2075,нитон,0.421
802,дилен,0.421
726,гудок,0.421
3757,холоп,0.421
2841,рулет,0.421
3961,шипок,0.421
2112,нырок,0.421
3652,фолия,0.421
411,вежда,0.421
829,домер,0.42
2615,поход,0.42
3795,цедра,0.42
1925,мулат,0.42
2398,патлы,0.42
1866,миома,0.42
3050,скала,0.42
2088,нойон,0.42
2597,порто,0.42
1863,минор,0.42
2609,поташ,0.42
4064,щиток,0.42
1000,завоз,0.42
1416,копие,0.42
898,дутик,0.42
392,валуй,0.419
2464,пижон,0.419
2542,пожар,0.419
1475,крица,0.419
1212,казнь,0.419
1651,лимфа,0.419
3493,тюрок,0.418
1942,муфта,0.418
2889,сабля,0.418
3763,хорал,0.418
2802,рожак,0.418
3358,тесак,0.418
3936,шафер,0.418
1818,медик,0.418
1228,камни,0.417
3480,туфта,0.417
1887,мокой,0.417
2907,сакля,0.417
2415,пекан,0.417
720,гуава,0.417
1044,запас,0.417
666,голец,0.417
3206,стрит,0.417
2069,никса,0.417
3239,супин,0.417
2704,радий,0.417
2786,ритор,0.417
2791,ришта,0.417
3598,фацет,0.416
1923,музга,0.416
1860,мимик,0.416
2034,наход,0.416
3126,соляр,0.416
160,бакун,0.416
1822,мезон,0.416
1985,надел,0.416
987,жулик,0.416
1439,косец,0.416
1002,загар,0.416
665,голем,0.415
2725,рапид,0.415
429,веред,0.415
1837,метан,0.415
1825,мелис,0.415
2631,прима,0.415
1226,калым,0.415
1314,кисет,0.415
133,аулос,0.415
1570,лакец,0.415
2036,начес,0.415
2651,псина,0.415
1464,крага,0.415
3651,фолио,0.415
2091,номер,0.415
2858,рыбка,0.414
3147,сосун,0.414
1573,ламут,0.414
3149,сотня,0.414
2444,петел,0.414
3691,хазар,0.414
2085,ножик,0.414
3285,табун,0.414
957,жетон,0.414
3678,фуран,0.414
3353,терец,0.413
1672,лобан,0.413
2923,самум,0.413
1107,зубок,0.413
2536,подий,0.413
2571,полть,0.413
3965,шитик,0.413
2485,пирке,0.413
3816,цокот,0.413
1650,лимон,0.413
1744,мадам,0.412
3134,сопун,0.412
3352,терем,0.412
2068,низок,0.412
1811,мафия,0.412
1412,копал,0.412
1366,козел,0.412
1797,марго,0.412
2231,орала,0.412
2698,пяток,0.412
327,бубон,0.412
356,бутен,0.412
945,жевок,0.412
127,атака,0.412
206,безик,0.412
3690,хадис,0.412
3686,фырок,0.412
1548,кушак,0.411
1844,метол,0.411
1709,лучок,0.411
2520,плита,0.411
2783,рикша,0.411
3207,строй,0.411
3260,сцена,0.411
1245,капля,0.411
421,венет,0.411
2072,нимфа,0.411
3236,супер,0.411
394,вальс,0.411
2544,пожог,0.411
600,ганаш,0.411
232,бидон,0.411
3947,шеища,0.41
2941,сброс,0.41
2243,орлик,0.41
2733,рахис,0.41
1681,логос,0.41
2101,нотис,0.41
1213,казус,0.41
2392,пасть,0.41
766,девон,0.41
3462,тумак,0.41
223,берег,0.41
2602,посад,0.41
2468,пикет,0.41
1514,кумол,0.41
1735,лямка,0.409
2943,свара,0.409
1100,зоман,0.409
217,белая,0.409
803,дилер,0.409
1166,иомен,0.409
844,досол,0.409
1465,кража,0.409
440,ветер,0.409
3307,талья,0.409
810,дихта,0.409
1169,ионит,0.409
3002,сивер,0.408
3256,сущик,0.408
2793,ровер,0.408
3081,слава,0.408
3135,сорго,0.408
811,дичок,0.408
2598,порты,0.408
1070,заход,0.408
178,бармы,0.408
1006,задел,0.408
1525,кураж,0.408
1538,кутис,0.408
1072,зачес,0.408
2599,поруб,0.408
2529,повал,0.408
2603,посев,0.408
3693,хакас,0.408
3581,фазис,0.408
3465,тумор,0.408
2354,пакля,0.408
3902,чухна,0.408
826,докер,0.407
2219,опека,0.407
3582,факел,0.407
3093,слюна,0.407
705,грена,0.407
3501,тяпка,0.407
2437,перст,0.407
2871,рюмка,0.407
2677,пуфик,0.407
3736,хитон,0.407
2526,побег,0.406
1513,кумир,0.406
2105,нудга,0.406
3813,циста,0.406
2758,резон,0.406
3167,спрос,0.406
1434,корье,0.406
1269,кацап,0.406
1701,лужок,0.406
2767,ренет,0.406
1702,лузга,0.406
3388,товар,0.406
903,душок,0.406
1843,метод,0.406
3416,тотем,0.406
1996,накал,0.406
1304,килим,0.405
3376,типик,0.405
3454,тулес,0.405
1952,мычка,0.405
2025,насад,0.405
1433,корчь,0.405
1864,минос,0.404
1536,кутас,0.404
2023,наруч,0.404
1495,кузен,0.404
3471,тупик,0.404
193,батыр,0.404
3218,сувой,0.404
3952,шепот,0.404
1972,навал,0.404
2735,рацея,0.404
2715,ракун,0.404
2806,розан,0.403
1582,ларго,0.403
3917,шакал,0.403
3810,цинга,0.403
3949,шелом,0.403
2717,ралли,0.403
2422,пение,0.403
1309,кипер,0.403
107,арена,0.403
3425,трата,0.403
1198,кабул,0.403
1879,могол,0.403
1599,левак,0.403
1506,кулеш,0.403
3389,тодес,0.403
1954,мышка,0.403
1737,лярва,0.403
233,бизон,0.403
2007,намаз,0.403
1422,копун,0.403
3770,хохот,0.402
1756,мазут,0.402
3970,шихта,0.402
906,дылда,0.402
2407,пашня,0.402
659,гобой,0.402
2732,рафия,0.402
2550,поиск,0.402
2017,напев,0.402
1454,кохия,0.402
3084,слега,0.402
2371,панье,0.402
3085,слеза,0.402
2466,пикан,0.402
1939,мусор,0.401
1968,набег,0.401
2322,отток,0.401
2987,сепия,0.401
1552,кюлот,0.401
677,голяк,0.401
293,борть,0.401
2667,пункт,0.401
3018,силач,0.401
2882,ряска,0.401
3624,филин,0.401
2545,позем,0.401
1585,ларцы,0.401
4033,шулер,0.401
3183,стега,0.401
355,бутан,0.401
182,баснь,0.401
1771,малье,0.401
1498,кукан,0.401
3099,смета,0.401
393,валух,0.401
2264,осока,0.4
1446,косяк,0.4
2082,новое,0.4
2639,проза,0.4
2637,проба,0.4
1523,купол,0.4
2521,плица,0.4
2502,пищик,0.4
1043,запал,0.4
3732,хинон,0.4
2949,свита,0.4
3069,скора,0.4
523,врата,0.4
1395,колюр,0.4
626,гетит,0.4
1322,клава,0.399
2655,птица,0.399
3024,силур,0.399
466,видик,0.399
1554,лабаз,0.399
774,декор,0.399
3381,титан,0.399
3045,ситец,0.399
229,бивак,0.399
3683,футор,0.399
580,вышка,0.399
3631,финик,0.399
1298,кивер,0.399
1387,колли,0.399
212,белец,0.398
2736,рация,0.398
740,гусек,0.398
1920,мудак,0.398
615,гейша,0.398
1021,закал,0.398
965,жидок,0.398
737,гурия,0.398
1111,зыбка,0.398
1994,назем,0.397
1056,засев,0.397
191,батуд,0.397
778,демос,0.397
2511,плева,0.397
2477,пиния,0.397
1428,корцы,0.397
3457,тулук,0.397
818,довод,0.397
3100,смола,0.397
1379,колья,0.397
952,жеода,0.397
3035,синие,0.397
1054,заруб,0.396
3173,ссора,0.396
1508,кулич,0.396
1042,запад,0.396
2419,пенал,0.396
1714,лычка,0.396
1914,мохер,0.396
3590,фасад,0.396
997,завал,0.396
2751,резак,0.396
3711,хасид,0.396
1410,конус,0.395
180,барыш,0.395
1668,лихва,0.395
2493,питие,0.395
167,бальи,0.395
3993,шорня,0.395
1908,мотив,0.395
1878,могар,0.395
1436,косач,0.395
3257,сфера,0.395
3623,филер,0.395
1716,любка,0.395
3278,сюита,0.395
3342,телец,0.395
2471,пилав,0.395
694,горст,0.395
4023,штрек,0.394
3782,хутор,0.394
2194,окрик,0.394
2227,опока,0.394
298,бочар,0.394
2919,самбо,0.394
2789,рифма,0.394
3079,скула,0.394
2554,показ,0.394
1046,запев,0.394
3208,строп,0.394
994,забег,0.394
2950,свора,0.394
1413,копач,0.393
582,вязка,0.393
4061,щипок,0.393
1646,лилея,0.393
691,горно,0.393
2921,самцы,0.393
2848,русак,0.393
1979,навык,0.393
1770,малый,0.393
1556,лаваш,0.393
1033,замах,0.393
185,бастр,0.393
1480,кроха,0.393
1755,мазур,0.393
1275,кашне,0.393
3452,тузик,0.393
1451,кофей,0.393
1793,манул,0.393
1845,метоп,0.393
2660,пузан,0.393
1840,метис,0.392
1857,милая,0.392
3799,целое,0.392
4032,шуйца,0.392
2106,нужда,0.392
2434,перло,0.392
4149,назад,0.392
304,брада,0.392
3017,сикоз,0.391
305,брама,0.391
2549,позык,0.391
1861,минер,0.391
967,жилет,0.391
3028,синец,0.391
1193,йомен,0.391
1947,мымра,0.391
1559,лагун,0.39
745,гюрза,0.39
146,багаж,0.39
2035,нация,0.39
353,бурун,0.39
1502,кулаж,0.39
2216,ооцит,0.39
2683,пчела,0.39
2994,серум,0.39
1995,наказ,0.39
3532,улика,0.389
1288,кельт,0.389
2673,путец,0.389
2847,рупор,0.389
509,вольт,0.389
517,вотяк,0.389
2940,сброд,0.389
1663,литер,0.389
2509,плаха,0.388
3485,тынок,0.388
834,донец,0.388
401,варяг,0.388
3841,чебот,0.388
3896,чулан,0.388
1966,начай,0.388
2654,птаха,0.388
1355,ковач,0.388
1393,колье,0.388
1893,молян,0.387
3679,фурия,0.387
1647,лилия,0.387
2273,отара,0.387
634,гилея,0.387
2115,нычка,0.387
2426,пепел,0.387
738,гусак,0.387
2499,пифос,0.387
1127,иерей,0.387
813,длина,0.387
2230,орава,0.386
1315,кисея,0.386
1452,кофий,0.386
3090,слуда,0.386
4025,штука,0.386
617,гемин,0.386
1619,лепет,0.386
1898,мопед,0.386
1026,закут,0.386
3162,спица,0.386
679,гонец,0.386
3905,шабаш,0.385
2024,наряд,0.385
4063,щитик,0.385
2572,полюс,0.385
3420,трава,0.385
1463,кощей,0.385
848,дофин,0.385
3429,трема,0.385
1630,лешак,0.385
303,брага,0.385
3708,хапун,0.385
2730,рафид,0.385
879,дудак,0.385
3589,фарси,0.384
646,глина,0.384
3849,черед,0.384
3199,стопа,0.384
3895,чукча,0.384
1791,манто,0.384
639,гитан,0.384
329,бугор,0.384
3418,тохар,0.384
1087,зенит,0.384
2784,ринит,0.384
2798,родео,0.384
3727,химик,0.384
776,делец,0.383
616,гелий,0.383
986,жулан,0.383
1268,катыш,0.383
3552,урина,0.383
1704,лунит,0.383
2983,сенаж,0.383
1546,кучер,0.383
1484,круча,0.383
695,горюн,0.383
1020,заказ,0.383
3492,тюрик,0.383
198,бачки,0.383
324,бубен,0.383
3619,фижма,0.382
1295,кефир,0.382
2652,псица,0.382
1045,запах,0.382
1896,монах,0.382
1285,квота,0.382
1607,лежак,0.382
3455,тулий,0.382
2726,растр,0.382
2814,ромец,0.382
3911,шабур,0.382
970,жилое,0.382
3220,судия,0.382
2601,порыв,0.382
219,беляк,0.382
2252,осина,0.382
2962,севец,0.382
1671,лишек,0.381
3719,херем,0.381
758,дебет,0.381
3811,циник,0.381
2993,серсо,0.381
2665,пунец,0.381
2033,нахал,0.381
2633,приор,0.381
3463,туман,0.381
1881,модий,0.381
2346,падуб,0.381
2456,пещер,0.38
2440,песец,0.38
1122,игрок,0.38
3821,цыпка,0.38
1675,лобио,0.38
993,жучок,0.38
3840,чебак,0.38
408,вебер,0.38
2534,погиб,0.38
890,дунит,0.38
3384,тифон,0.38
1753,мазня,0.38
3164,сплин,0.38
1873,митоз,0.38
3599,фация,0.38
4102,этика,0.38
1170,иония,0.38
1922,мужик,0.38
690,горло,0.38
2985,сенки,0.38
338,букет,0.379
2183,ойрот,0.379
3427,треба,0.379
237,бином,0.379
1346,кница,0.379
2864,рынок,0.379
2435,перья,0.379
2944,сваха,0.378
2623,пошив,0.378
1932,мураш,0.378
1867,мираб,0.378
2797,рогоз,0.378
3007,сивая,0.378
1055,заряд,0.378
3104,смута,0.378
242,бирюк,0.378
1806,масть,0.378
1106,зубик,0.378
3089,слуга,0.378
1739,ляшка,0.377
2945,свеча,0.377
1880,модем,0.377
3815,цифра,0.377
3258,схема,0.377
321,брыла,0.377
1537,кутеж,0.377
3636,фитин,0.377
4,абрек,0.377
2884,ряшка,0.377
1902,морцо,0.377
3370,тимол,0.377
3473,турач,0.376
2772,репер,0.376
125,астра,0.376
856,драма,0.376
2241,орлан,0.376
3605,фенол,0.376
286,бордо,0.376
2413,пегас,0.376
1992,нажим,0.376
3391,токай,0.376
3898,чумак,0.376
3435,триба,0.376
1982,нагиб,0.376
1868,мираж,0.376
620,геном,0.376
2189,оклик,0.376
1708,лучик,0.376
3378,тираж,0.375
1894,моляр,0.375
849,доход,0.375
1448,котлы,0.375
1727,люрик,0.375
2049,немой,0.375
2622,пошиб,0.375
2370,паныч,0.375
3068,скоба,0.375
1803,масло,0.375
1600,левит,0.375
3033,синяк,0.375
208,бекар,0.375
244,бисер,0.375
3153,сохач,0.375
1839,метил,0.375
3247,сутаж,0.375
3710,харчо,0.374
1734,ляжка,0.374
897,дутар,0.374
947,желоб,0.374
2747,редан,0.374
4027,штыка,0.374
2761,релиз,0.374
3955,шизик,0.374
1301,кидас,0.374
760,дебит,0.374
3132,сопля,0.374
2997,серые,0.374
3213,ступа,0.374
1649,лимит,0.374
2863,рында,0.374
2883,рясна,0.374
2872,рюшка,0.374
612,гашиш,0.373
2664,пульт,0.373
1368,кознь,0.373
4050,щекот,0.373
1632,лещик,0.373
3867,чирей,0.373
2695,пятак,0.373
2410,певец,0.373
3850,через,0.373
501,вокал,0.373
546,выдра,0.373
3953,шериф,0.373
3259,схима,0.373
1487,крыша,0.373
3305,талыш,0.373
2254,ослик,0.373
2559,покус,0.373
2648,пряжа,0.373
1648,лиман,0.373
861,дрема,0.373
1910,мотня,0.373
1510,культ,0.373
3027,синап,0.372
1273,кашли,0.372
773,декан,0.372
1291,кенаф,0.372
3357,терно,0.372
3092,слюда,0.372
2321,оттек,0.372
3212,стужа,0.372
2136,облик,0.372
476,вираж,0.372
3248,сутки,0.372
2649,пряха,0.372
3787,цапун,0.372
1597,лбина,0.372
3805,церий,0.372
202,башня,0.372
1497,кузов,0.372
3997,шофер,0.372
1862,минея,0.372
3735,хитин,0.372
1991,нажиг,0.371
775,дележ,0.371
3682,футер,0.371
2799,родий,0.371
1950,мысок,0.371
1040,зандр,0.371
1409,конто,0.371
3297,такыр,0.371
336,букан,0.371
3852,череп,0.371
2995,серый,0.371
2224,оплот,0.371
4085,эозин,0.371
2690,пьеса,0.37
2408,паяло,0.37
294,босяк,0.37
1284,квача,0.37
2439,перье,0.37
3283,табло,0.37
515,ворье,0.37
852,драга,0.37
3237,супец,0.37
808,динод,0.37
2955,сдача,0.369
270,бодун,0.369
4006,шпрот,0.369
1344,книга,0.369
3182,створ,0.369
3174,ссуда,0.369
2685,пырей,0.369
3280,сяжок,0.369
3036,сипай,0.369
3881,чубик,0.369
1013,зажим,0.369
484,вихор,0.369
3266,сырец,0.369
2178,ожина,0.368
528,втора,0.368
1003,загиб,0.368
3948,шелеп,0.368
2056,непер,0.368
3453,тукан,0.368
2209,омела,0.368
2754,резит,0.368
3131,сопло,0.368
3458,тулун,0.368
2849,русин,0.368
3649,фобия,0.368
3620,физик,0.368
119,асана,0.368
481,вития,0.368
2090,номад,0.368
3195,стоик,0.367
289,борцы,0.367
1095,злюка,0.367
1962,мянда,0.367
805,динар,0.367
908,дымок,0.367
1677,ловец,0.367
341,букол,0.367
3659,фофан,0.367
2452,пешая,0.367
3889,чудик,0.367
1706,лупин,0.366
420,венед,0.366
1235,камыш,0.366
2272,отава,0.366
34,адрон,0.366
954,жерех,0.366
2714,ракля,0.366
2833,рубин,0.365
1444,кость,0.365
1338,клуша,0.365
2218,опара,0.365
3146,сосуд,0.365
3731,хинин,0.365
3779,хурал,0.365
2228,опрос,0.365
3150,сотый,0.365
704,греза,0.365
284,бонус,0.365
962,живот,0.365
707,грива,0.365
412,везир,0.364
3412,торцы,0.364
727,гужик,0.364
2300,отлет,0.364
2040,невер,0.364
1886,мокко,0.364
195,бахус,0.364
2490,писец,0.364
271,бодяк,0.364
1817,медея,0.364
1779,манго,0.363
1534,курья,0.363
3405,топаз,0.363
4000,шпана,0.363
3933,шатры,0.363
142,аэрон,0.363
1277,кашуб,0.363
3888,чудак,0.363
3461,туляк,0.363
640,гитов,0.363
842,досев,0.363
2975,секач,0.363
2221,опера,0.363
2969,сезам,0.363
3287,тавро,0.362
464,вивер,0.362
3108,сноха,0.362
3595,фатум,0.362
3834,чалые,0.362
2757,резол,0.362
3585,фальц,0.362
3404,тонус,0.362
2412,певун,0.362
4039,шуряк,0.362
444,вечер,0.362
3310,танго,0.362
2054,нения,0.362
654,гмина,0.362
3945,шевер,0.361
1520,купец,0.361
2607,посул,0.361
3968,шифон,0.361
405,вахня,0.361
1752,мазло,0.361
3166,спрей,0.361
3883,чувак,0.361
1575,ландо,0.361
2432,перцы,0.361
2453,пешие,0.361
1289,келья,0.361
422,венец,0.361
1790,манси,0.361
2436,перси,0.361
2204,олива,0.361
2239,орион,0.361
3231,сумах,0.361
3843,чемер,0.361
3768,хохол,0.361
357,бутил,0.361
3971,шишак,0.36
3758,холст,0.36
3312,танцы,0.36
3724,хилая,0.36
2957,сдоба,0.36
1515,кумык,0.36
3807,цибик,0.36
209,бекас,0.36
1851,мизер,0.36
4034,шумер,0.36
2688,пьеза,0.36
703,грежа,0.359
1090,зернь,0.359
3973,шкала,0.359
706,греча,0.359
470,визит,0.359
3042,сирые,0.359
2973,сейид,0.359
1645,ликер,0.359
1375,кокни,0.359
489,влага,0.359
741,гусит,0.359
1071,зацеп,0.359
1603,легат,0.359
3832,чалый,0.359
1639,лидер,0.358
4091,эрата,0.358
1398,комли,0.358
863,дрова,0.358
3577,фавус,0.358
1635,ливан,0.358
2451,пеший,0.358
2063,нечет,0.358
2866,рысца,0.358
2768,рений,0.358
153,бадья,0.358
3656,форум,0.358
2195,окрол,0.357
477,вирус,0.357
124,астма,0.357
1533,куруш,0.357
3713,хашиш,0.357
2958,сеанс,0.357
2574,поляш,0.357
1637,ливер,0.357
4066,щупик,0.357
2073,нисан,0.357
3909,шабля,0.357
1102,зраза,0.357
2446,петля,0.356
2656,пуант,0.356
3661,фраза,0.356
2449,пешец,0.356
1816,мегом,0.356
1396,комья,0.356
3128,сомье,0.356
3202,страз,0.356
1641,лизин,0.356
3547,упрек,0.356
884,дулеб,0.356
636,гинея,0.356
3484,тыква,0.356
3040,сирый,0.356
2042,невод,0.356
3443,труба,0.356
3995,шорты,0.356
3204,стриж,0.355
1930,мумия,0.355
559,вылет,0.355
797,диван,0.355
2859,рывок,0.355
1319,кифоз,0.355
1654,линия,0.355
279,болюс,0.355
3359,тесей,0.355
3988,шняка,0.355
1302,кизил,0.354
878,дуван,0.354
623,герлс,0.354
2151,обрат,0.354
2313,отрог,0.354
723,губан,0.354
864,дрога,0.354
2149,обора,0.354
3203,страх,0.354
4087,эоцен,0.354
2245,ортит,0.354
170,банту,0.353
3878,чреда,0.353
883,дукат,0.353
3032,синус,0.353
1470,креол,0.353
924,ездка,0.353
3844,чепан,0.353
3665,фреза,0.353
354,бурят,0.353
1151,илька,0.353
2492,писун,0.353
2249,осада,0.353
1341,кляча,0.353
2543,пожня,0.353
1697,лоция,0.352
711,гроза,0.352
3073,скреп,0.352
3004,сивко,0.352
367,былое,0.352
619,гений,0.352
1287,кекур,0.352
1120,игрек,0.352
806,динас,0.352
1629,летун,0.352
4019,штора,0.352
3475,турне,0.352
3336,тезис,0.352
2800,родич,0.352
1511,кумач,0.351
2748,редис,0.351
362,буфет,0.351
3702,хамло,0.351
1491,кувез,0.351
3717,хедер,0.351
371,бычок,0.351
642,глава,0.351
145,бабье,0.351
1792,манту,0.351
2722,ранцы,0.351
3853,чернь,0.35
3551,урема,0.35
3396,толщь,0.35
786,дерть,0.35
1852,микоз,0.35
3999,шпала,0.35
3154,сочни,0.35
3201,страж,0.35
1664,литий,0.35
2443,песнь,0.35
2107,нукер,0.35
2851,рутил,0.35
713,груда,0.349
3954,шибер,0.349
761,дебош,0.349
635,гиляк,0.349
3677,фураж,0.349
1276,кашпо,0.349
2663,пульс,0.349
2540,поедь,0.349
687,горцы,0.349
2605,послы,0.349
1370,козны,0.349
469,визир,0.349
2524,плюха,0.349
1075,защип,0.349
3445,труха,0.349
926,елина,0.349
530,вчера,0.349
1640,лизат,0.349
1173,ирида,0.348
1406,концы,0.348
3872,чиряк,0.348
1185,исток,0.348
2952,связа,0.348
983,жокей,0.348
525,вруша,0.348
3488,тычок,0.348
3466,тунец,0.348
2050,немая,0.348
2206,олифа,0.348
135,афина,0.348
3942,швара,0.348
1643,лизол,0.347
2131,обида,0.347
2052,ненец,0.347
614,гевея,0.347
1561,ладья,0.347
2498,пифия,0.347
2724,ранчо,0.347
1089,зерно,0.347
2319,отсек,0.347
985,жрица,0.347
730,гулаг,0.347
3483,тщета,0.347
3951,шемая,0.346
2135,облет,0.346
2083,ногай,0.346
132,аттик,0.346
376,бюкса,0.346
3103,смрад,0.346
3759,холуй,0.346
3761,хомут,0.346
1913,мотто,0.346
269,богач,0.346
297,бочаг,0.346
1351,коблы,0.346
3554,усина,0.346
3549,ураза,0.346
794,дзета,0.346
3527,уклон,0.346
4047,щебет,0.346
739,гусар,0.346
114,артос,0.345
867,дрофа,0.345
3255,сущее,0.345
1587,лассо,0.345
2097,носач,0.345
1154,имена,0.345
3645,флора,0.345
1529,курцы,0.345
1929,мумие,0.345
2424,пенни,0.345
3991,шорцы,0.345
602,ганцы,0.345
3074,скрип,0.345
1372,койне,0.344
404,вафля,0.344
129,атлет,0.344
2770,репей,0.344
1937,мурло,0.344
3016,сизяк,0.344
2229,оптик,0.344
1117,ивина,0.344
3762,хомяк,0.344
1955,мышца,0.344
2113,нытик,0.344
3859,чечен,0.344
1794,маори,0.343
2460,пивко,0.343
1823,мейоз,0.343
975,жиряк,0.343
2582,пончо,0.343
3978,школа,0.343
1809,матюг,0.343
1578,лапти,0.343
260,блоха,0.343
1499,кукиш,0.343
3331,таэль,0.343
3838,часть,0.343
1168,иомут,0.342
76,амбра,0.342
382,вакуф,0.342
1415,копры,0.342
361,буфер,0.342
1859,мильт,0.342
2210,омлет,0.342
201,башли,0.342
428,вервь,0.342
3335,тезей,0.342
3860,чечет,0.341
2729,раунд,0.341
1476,кроат,0.341
151,багры,0.341
968,жилец,0.341
1308,киоск,0.341
3714,хвала,0.341
2879,рябок,0.341
3072,скрап,0.341
3924,шанцы,0.341
3603,фений,0.341
1591,латыш,0.341
1943,муцин,0.341
3890,чужак,0.341
1457,кочни,0.341
2402,пахви,0.341
2710,разум,0.341
3618,фидер,0.341
2467,пикап,0.341
3604,фенил,0.341
2739,рвота,0.34
222,бердо,0.34
1146,икона,0.34
2881,рядок,0.34
235,билль,0.34
2764,ремез,0.34
1165,иодид,0.34
675,голье,0.34
1882,модус,0.34
3522,узина,0.34
3706,ханты,0.34
3908,шабли,0.34
2844,рунец,0.339
3142,сосцы,0.339
1519,купаж,0.339
226,берце,0.339
3047,ситро,0.339
261,блуза,0.339
3015,сизиф,0.339
1764,макси,0.339
1445,косье,0.339
516,вотум,0.339
2046,немец,0.338
3181,ствол,0.338
4133,ярица,0.338
1357,ковры,0.338
465,видео,0.338
3667,фреон,0.338
3276,сэшэа,0.338
3272,сытая,0.338
3296,такси,0.338
3168,спрут,0.338
718,гряда,0.338
1945,мушар,0.338
2335,охота,0.338
1984,нагул,0.338
3864,чилим,0.338
1424,копье,0.337
583,вязок,0.337
454,взлет,0.337
3275,сыщик,0.337
351,бурре,0.337
3468,тупей,0.337
2308,относ,0.337
716,груша,0.337
1612,лемех,0.337
2614,потяг,0.336
3753,ходун,0.336
1613,лемеш,0.336
888,дунец,0.336
3629,фимоз,0.336
570,выпек,0.336
1948,мысик,0.336
2821,ростр,0.336
1367,козлы,0.336
2303,отлог,0.336
19,авран,0.336
2512,плеер,0.336
3064,склад,0.335
3043,систр,0.335
1303,кизяк,0.335
1988,надув,0.335
821,дожим,0.335
3776,худое,0.335
672,голые,0.335
2302,отлов,0.335
1401,комми,0.335
564,вымор,0.334
2746,регия,0.334
4043,шхера,0.334
1438,косые,0.334
3786,цапля,0.334
3741,хмара,0.334
510,вопль,0.334
3490,тюник,0.334
2676,путло,0.334
2796,рогач,0.334
3907,шабры,0.334
2846,рупия,0.334
2139,облой,0.334
3600,фаянс,0.334
973,жираф,0.334
2242,орлец,0.334
2552,пойло,0.334
894,дурни,0.333
1728,лютик,0.333
759,дебил,0.333
53,акула,0.333
3938,шашни,0.333
2766,ремиз,0.333
2235,орден,0.333
3726,хиляк,0.333
3324,тауэр,0.333
134,афера,0.333
2193,окрас,0.333
3065,склеп,0.333
2801,родня,0.333
572,выпот,0.333
3292,таймс,0.333
2616,похул,0.332
561,вылом,0.332
901,духан,0.332
4120,юрага,0.332
2790,рицин,0.332
2795,ровня,0.332
670,голый,0.332
3880,чтица,0.332
2311,отпор,0.332
674,гольд,0.332
2986,сенцо,0.332
2447,петух,0.332
989,жупан,0.332
4080,элита,0.332
2030,натяг,0.332
498,возня,0.331
1005,загул,0.331
2608,посыл,0.331
881,дудук,0.331
2276,отбор,0.331
1938,мурья,0.331
3930,шассе,0.331
1553,кяриз,0.331
3596,фатюй,0.331
2808,рознь,0.331
3211,струя,0.331
2065,нивоз,0.33
3001,сиаль,0.33
1084,земец,0.33
1176,искра,0.33
2261,особа,0.33
3564,утица,0.33
1440,косцы,0.33
3533,улица,0.33
16,авлос,0.329
2661,пузач,0.329
3066,склиз,0.329
3496,тючок,0.329
656,гнида,0.329
3374,типец,0.329
3613,фефер,0.329
4130,ямина,0.329
3611,фетиш,0.329
757,дебай,0.329
4044,шхуна,0.329
638,гирло,0.329
433,верфь,0.329
3704,хамье,0.329
228,биакс,0.329
2982,семья,0.329
1423,копыл,0.329
1571,лакцы,0.329
2182,оидий,0.329
3469,тупец,0.328
2966,седло,0.328
3326,тафья,0.328
3979,шкура,0.328
2284,отгон,0.328
930,ерник,0.328
1642,лизис,0.328
417,вельс,0.328
565,вынос,0.328
3031,синто,0.328
1025,закуп,0.327
3057,сквер,0.327
64,аллод,0.327
1876,мишук,0.327
2199,октет,0.327
960,живое,0.327
1924,музей,0.327
410,ведун,0.327
418,велюр,0.327
885,думец,0.327
3354,терцы,0.327
161,бакши,0.327
91,антик,0.326
3227,сукно,0.326
2779,ржица,0.326
3221,судно,0.326
1113,зятек,0.326
3871,чирус,0.326
2312,отрез,0.326
560,вылов,0.326
2175,одежа,0.326
2338,очник,0.326
1820,медяк,0.326
1159,индра,0.326
28,агора,0.325
3969,шихан,0.325
3913,шадуф,0.325
3536,умбра,0.325
2220,опята,0.325
800,дикая,0.325
1068,затяг,0.325
3818,цуцик,0.325
282,бонмо,0.325
1091,зефир,0.324
571,выпор,0.324
2657,пугач,0.324
3401,тондо,0.324
3728,химия,0.324
2752,резец,0.324
2763,рельс,0.323
1615,лемур,0.323
2240,оркан,0.323
1540,кутум,0.323
977,житие,0.323
277,бойня,0.323
1001,завуч,0.323
717,грыжа,0.323
609,гаусс,0.323
4041,шухер,0.323
1191,йодид,0.323
1359,когти,0.323
3612,фетюк,0.322
3688,фюрер,0.322
1094,злоба,0.322
265,бляха,0.322
3279,сябер,0.322
2865,рысак,0.322
23,агама,0.322
2459,пиано,0.322
2970,сезни,0.322
41,айран,0.322
534,выбор,0.322
1119,иврит,0.321
1732,лючок,0.321
3630,финал,0.321
3048,ситце,0.321
1541,кутья,0.321
3857,чехол,0.321
3817,цукат,0.321
21,автор,0.321
3977,шкода,0.321
815,донья,0.321
70,алчба,0.321
218,белье,0.321
791,дефис,0.321
2014,нанду,0.32
2744,ревун,0.32
542,выгон,0.32
22,агава,0.32
1114,зятик,0.32
801,дикие,0.32
2237,ореол,0.32
2236,ордер,0.32
1655,липец,0.32
1061,засыл,0.32
955,жерло,0.32
4118,юнона,0.32
2583,понюх,0.32
3998,шпага,0.32
3967,шифер,0.32
203,бегун,0.32
2455,пешня,0.32
2425,пенье,0.32
660,говно,0.32
2416,пекло,0.32
1411,конюх,0.32
2409,певни,0.32
3825,чабры,0.319
407,вдова,0.319
2060,несун,0.319
3447,тсуга,0.319
1679,ловля,0.319
139,ацтек,0.319
79,амеба,0.319
2198,октан,0.319
2320,отсос,0.319
3436,триер,0.319
2147,обнос,0.319
2160,обуза,0.319
1147,икота,0.319
4048,щегол,0.318
3246,сусло,0.318
1657,липид,0.318
3025,сильф,0.318
2541,поезд,0.318
2138,облог,0.318
3377,типун,0.318
3672,фужер,0.318
2855,рыбак,0.318
2831,рубец,0.318
42,айрол,0.318
2012,намыв,0.318
3556,ускок,0.318
1286,кегль,0.318
83,анаша,0.318
1171,иприт,0.318
2749,редут,0.318
2244,орляк,0.318
2255,ослоп,0.317
1905,мослы,0.317
1551,кювет,0.317
2496,питух,0.317
1733,лягва,0.317
432,верже,0.317
3771,хошун,0.317
799,дикий,0.317
147,багги,0.317
1305,кимвр,0.317
3562,утеха,0.317
2266,остит,0.317
573,вырез,0.317
2137,облов,0.317
1631,леший,0.316
1549,кхмер,0.316
696,гость,0.316
3518,ужата,0.316
2457,пещур,0.316
97,аплит,0.316
3760,хольд,0.316
3692,хайло,0.316
63,аллея,0.316
964,жиган,0.316
1364,кожух,0.316
1956,мэрия,0.316
276,боинг,0.316
2176,одеон,0.316
131,атрий,0.315
871,дубец,0.315
3606,ферзь,0.315
4081,эллин,0.315
1496,кузня,0.315
3010,сидни,0.315
764,девиз,0.315
446,вещее,0.315
3289,тайцы,0.315
3163,сплав,0.315
2817,рондо,0.315
4077,экран,0.315
3614,фиакр,0.315
1326,клект,0.315
2306,отмер,0.314
3650,фокус,0.314
5,абрис,0.314
455,взлом,0.314
3034,синяя,0.314
622,геоид,0.314
1989,наезд,0.314
2297,откос,0.314
3601,фелло,0.314
508,волхв,0.314
676,гольф,0.313
2208,ольха,0.313
1088,зенки,0.313
1318,кисть,0.313
3863,чибис,0.313
104,арден,0.313
2942,сбруя,0.313
3673,фузея,0.313
673,голыш,0.313
2339,ошеек,0.313
216,белый,0.313
49,аксон,0.313
328,бугай,0.313
792,джига,0.313
4111,юкола,0.313
1522,купля,0.313
1846,метро,0.313
3046,ситцы,0.313
2497,питье,0.313
3500,тяжба,0.313
1865,минус,0.312
113,арсин,0.312
2741,ребаб,0.312
334,будяк,0.312
1354,кобыз,0.312
1174,ирмос,0.312
1365,кожье,0.312
2700,пятая,0.312
3489,тюбик,0.312
1175,исида,0.312
1069,заумь,0.312
238,бионт,0.312
2214,онуча,0.311
840,донце,0.311
3882,чубук,0.311
2427,пеплы,0.311
3460,тулья,0.311
2954,сглаз,0.311
3503,уброд,0.311
2260,осмос,0.311
2307,отмол,0.311
2268,остол,0.311
3848,червь,0.311
3722,хилус,0.311
953,жердь,0.31
2122,обгон,0.31
33,адрес,0.31
2662,пукля,0.31
950,жених,0.31
3450,тугай,0.31
3891,чужое,0.31
3118,созыв,0.31
2110,нырец,0.31
2226,опоек,0.31
2630,прием,0.31
4072,эгрет,0.31
877,дувал,0.31
1895,момме,0.31
1611,лекаж,0.31
459,взнос,0.31
3773,хряпа,0.31
2420,пенге,0.31
1164,инула,0.31
128,атлас,0.309
2027,насып,0.309
335,бузун,0.309
3217,суаре,0.309
652,глыба,0.309
2233,орган,0.309
3456,тулуз,0.309
100,апрош,0.309
2201,олеин,0.309
2852,ручей,0.309
914,дядек,0.308
2152,обрез,0.308
4135,яруга,0.308
1189,ифрит,0.308
3334,театр,0.308
2280,ответ,0.308
2141,обмен,0.308
3521,уздца,0.308
1691,ломти,0.308
3632,финиш,0.307
817,добро,0.307
982,жница,0.307
1958,мюрид,0.307
1906,мосье,0.307
2462,пигус,0.307
911,дюбек,0.307
3621,физия,0.307
3459,тулуп,0.307
2143,обмет,0.306
783,дерби,0.306
2968,сеево,0.306
491,вогул,0.306
3674,фузия,0.306
4038,шуруп,0.306
2875,рябик,0.306
2830,рубеж,0.306
1137,изида,0.306
1011,заезд,0.306
3277,сюжет,0.306
3373,типаж,0.306
555,выкос,0.306
948,желть,0.305
1489,кубло,0.305
3380,тиски,0.305
3228,сукре,0.305
1138,излет,0.305
3058,сквош,0.305
3029,синцы,0.305
1129,ижора,0.305
3535,ульта,0.304
1516,кумыс,0.304
72,альва,0.304
52,актин,0.304
809,диско,0.304
804,дильс,0.304
2130,обзор,0.303
3209,струг,0.303
2674,путцы,0.303
4145,ячата,0.303
2775,ретро,0.303
3225,суинг,0.303
197,бахши,0.303
109,аркан,0.303
419,венгр,0.302
452,вздор,0.302
2750,режим,0.302
923,ежата,0.302
1941,мутул,0.302
3983,шляпа,0.302
563,вымол,0.302
1327,клерк,0.302
3528,укроп,0.302
47,акрил,0.302
835,донцы,0.302
2144,обмин,0.302
1104,зубец,0.302
479,виски,0.302
3451,тугун,0.301
3340,текст,0.301
3671,фугас,0.301
136,афиша,0.301
3210,струп,0.301
3371,тимус,0.301
2548,позыв,0.301
4123,ябеда,0.301
3400,томми,0.301
87,анион,0.301
3383,титул,0.301
981,жнива,0.301
3538,умник,0.3
2837,рудяк,0.3
2638,проем,0.3
845,досуг,0.3
1128,ижица,0.3
2247,орхит,0.3
2301,отлив,0.3
2295,откат,0.3
2672,пусто,0.3
3647,фляга,0.3
1724,люнет,0.3
3223,судья,0.3
439,ветвь,0.3
680,гонцы,0.3
3339,теист,0.3
2257,осман,0.299
4004,шпион,0.299
1693,лопух,0.299
141,аэроб,0.299
2275,отбой,0.299
71,алыча,0.299
1188,иудей,0.299
460,взрез,0.299
2840,рукав,0.299
3962,шипун,0.299
1858,милые,0.299
2787,рифей,0.299
1544,кухня,0.299
3264,сыпец,0.299
3523,узник,0.299
3553,урман,0.299
78,амвон,0.299
990,жупел,0.299
3660,фраер,0.299
2296,откол,0.298
3608,ферми,0.298
50,актер,0.298
3571,ушица,0.298
1644,лизун,0.298
2140,обман,0.298
1604,легаш,0.298
2150,образ,0.297
1518,куньи,0.297
610,гаучо,0.297
457,взмет,0.297
925,ездок,0.297
441,ветры,0.297
3801,ценур,0.297
2134,обкос,0.297
1594,лацци,0.297
4024,штрих,0.297
4114,юница,0.297
1670,лишай,0.297
1856,милый,0.296
2142,обмер,0.296
4136,ярыга,0.296
2174,огрех,0.296
1167,иомуд,0.296
1834,месть,0.296
891,дунст,0.296
2826,рохля,0.296
245,бистр,0.296
3982,шлюха,0.296
3676,фуляр,0.296
3718,хедив,0.296
2169,овраг,0.296
2963,севцы,0.296
3363,тесть,0.295
2743,ребус,0.295
4076,эклер,0.295
2666,пунцы,0.295
1687,локти,0.295
2860,рыжак,0.295
3192,стикс,0.295
3346,тембр,0.295
2999,сеунч,0.295
1669,лицей,0.294
3748,ходни,0.294
249,битум,0.294
2827,рояль,0.294
1092,зипун,0.294
1082,зелье,0.294
2259,осмол,0.294
2188,оклад,0.294
1990,наймы,0.294
2267,остов,0.294
847,досье,0.293
2805,рожны,0.293
3957,шилья,0.293
2326,отчет,0.293
369,бытие,0.293
2441,песцы,0.293
40,аймак,0.293
1723,люмен,0.293
426,вепрь,0.293
2145,обмол,0.293
123,астат,0.293
2765,ремни,0.293
628,гетто,0.293
3434,триас,0.293
1850,мигач,0.292
2629,приап,0.292
18,аврал,0.292
438,весть,0.292
3270,сырье,0.292
255,бланк,0.292
3005,сивуч,0.292
468,визаж,0.292
447,вещун,0.292
3796,цезий,0.292
3261,сцинк,0.292
4071,эгида,0.292
1493,кудлы,0.292
3361,тесло,0.291
3569,учеба,0.291
2428,пепси,0.291
2185,океан,0.291
3508,угода,0.291
4030,шугай,0.291
4103,этнос,0.291
1076,зайцы,0.291
2281,отвод,0.291
73,альфа,0.291
553,выкат,0.291
3513,удача,0.291
3987,шнява,0.29
3573,ушник,0.29
220,беляш,0.29
4021,штраб,0.29
554,выкол,0.29
533,выбой,0.29
488,вклад,0.29
2292,отзол,0.289
3351,тепло,0.289
1017,зазыв,0.289
2843,румын,0.289
20,автол,0.289
110,армия,0.288
360,бутуз,0.288
2756,резня,0.288
772,деист,0.288
3449,тубус,0.288
435,весло,0.288
3534,улыба,0.288
1731,люффа,0.288
3626,филум,0.288
3847,черви,0.288
118,аршин,0.288
558,вылаз,0.288
2278,отвар,0.288
3819,цыбик,0.288
3884,чувал,0.288
1012,займы,0.287
2411,певцы,0.287
494,вождь,0.287
2508,плаун,0.287
1853,микст,0.287
3417,тоуэр,0.287
2514,плеск,0.287
3448,туаль,0.287
375,бювет,0.287
581,вьюга,0.287
1494,кудри,0.287
846,досыл,0.286
958,живец,0.286
2759,резус,0.286
3196,стокс,0.286
301,бояре,0.286
4022,штраф,0.286
1626,лесть,0.286
243,бирюч,0.285
734,гумус,0.285
3008,сивые,0.285
1282,кварк,0.285
3526,уклея,0.285
3996,шоссе,0.285
578,вычет,0.285
2079,нищая,0.285
2087,ножны,0.285
2519,плинт,0.285
205,бедро,0.284
2461,пивцо,0.284
4005,шприц,0.284
3238,супцы,0.284
3520,узбек,0.284
3544,унион,0.284
529,вуаль,0.284
568,выпар,0.284
3809,цинаш,0.284
1141,измор,0.284
1833,место,0.284
2332,офсет,0.284
2279,отвес,0.284
762,дебрь,0.283
788,десть,0.283
3662,франк,0.283
3362,тесто,0.283
3226,сучья,0.283
3267,сырцы,0.283
538,вывод,0.283
933,ехида,0.283
3800,центр,0.282
1192,йодль,0.282
251,битье,0.282
733,гумно,0.282
43,айсор,0.282
1139,излом,0.282
3250,суфле,0.282
2132,обкат,0.282
2870,рэлей,0.282
2785,рипус,0.282
1542,кутюм,0.282
3006,сивый,0.282
1086,земля,0.281
552,вызол,0.281
2234,оргия,0.281
3178,старт,0.281
4058,щипец,0.281
1083,зельц,0.281
2256,осляк,0.281
3478,тутти,0.281
1678,ловцы,0.281
2282,отвоз,0.281
2080,нищие,0.28
340,букля,0.28
3868,чирьи,0.28
68,алтей,0.28
3892,чужая,0.28
4095,эсдек,0.279
4125,ягода,0.279
1115,иблис,0.279
2504,плаке,0.279
3055,скаут,0.279
1482,круиз,0.279
2163,общак,0.279
3806,цефей,0.279
820,дождь,0.279
221,бенди,0.279
2109,нутро,0.279
1142,износ,0.278
2491,писцы,0.278
1957,мюзет,0.278
2181,озноб,0.278
621,генри,0.278
949,желчь,0.278
36,ажгон,0.278
4100,эстет,0.278
409,ведро,0.278
2781,риель,0.277
4131,ямища,0.277
231,бигус,0.277
2078,нищий,0.277
3348,тенге,0.276
1725,люпин,0.276
2124,обдир,0.276
3083,слань,0.276
4042,шушун,0.276
325,бубны,0.276
483,витье,0.276
2835,рубль,0.275
1521,купцы,0.275
230,бивни,0.275
2162,обчет,0.275
536,вывес,0.275
4094,эркер,0.275
3893,чужие,0.275
423,венцы,0.275
62,аллах,0.275
781,денье,0.275
1473,крест,0.275
332,будни,0.275
1703,лукно,0.275
763,дебют,0.275
3200,стояк,0.275
25,агнат,0.275
1673,лобби,0.275
2742,ребро,0.274
121,аскет,0.274
3558,устой,0.274
3177,станс,0.274
2120,обвод,0.274
3886,чувяк,0.274
3188,стень,0.274
250,битый,0.274
3545,унтер,0.274
2084,ногти,0.273
4090,эпоха,0.273
4119,юноша,0.273
2043,негус,0.273
721,гуано,0.273
3253,сучье,0.273
3430,треск,0.273
4134,ярлык,0.273
1126,идиот,0.273
3950,шельф,0.272
1667,лихач,0.272
874,дубль,0.272
474,винцо,0.272
539,вывоз,0.272
919,еврей,0.272
272,бойцы,0.272
2627,прель,0.272
3486,тырло,0.272
339,букле,0.271
1335,клоун,0.271
372,бьюик,0.271
1666,литье,0.271
2645,прыск,0.271
545,выдох,0.271
1184,истод,0.271
3172,срост,0.271
1101,зомби,0.271
1281,квант,0.271
4075,экзот,0.271
1835,месье,0.27
3729,химус,0.27
3054,скарн,0.27
921,егоза,0.27
1928,муляж,0.27
2450,пешцы,0.27
2133,обком,0.27
2869,рэкет,0.269
922,ежиха,0.269
569,выпас,0.269
1718,любое,0.269
3885,чуваш,0.269
1121,игрец,0.269
2286,отдел,0.269
2323,отход,0.269
540,выгар,0.268
1466,краля,0.268
1474,криль,0.268
140,ашрам,0.268
2876,рябой,0.268
3529,укрут,0.268
1919,муаре,0.268
2334,охват,0.267
3960,шинто,0.267
374,бювар,0.267
3887,чугун,0.267
2836,ругня,0.267
3725,хилые,0.267
2128,обжин,0.267
900,дутье,0.267
2850,русло,0.267
115,архар,0.266
1345,кникс,0.266
1719,любой,0.266
2119,обвес,0.266
3628,фильц,0.265
916,дятел,0.265
3804,цепня,0.265
57,алгол,0.265
120,аскер,0.265
450,взвод,0.265
1172,ирбис,0.265
912,дюкер,0.265
971,жилье,0.264
779,денди,0.264
3723,хилый,0.264
551,вызов,0.264
2121,обвоз,0.263
3438,трико,0.263
3627,фильм,0.263
3639,фланк,0.263
0,аббат,0.263
3052,скань,0.263
3176,сталь,0.263
1636,ливни,0.263
988,жулье,0.263
3467,тунцы,0.262
1,абвер,0.262
81,ампер,0.262
449,взвар,0.262
3622,фикус,0.262
2246,орфей,0.262
700,грант,0.262
88,анкер,0.261
2310,отпал,0.261
725,гугня,0.261
3186,стель,0.261
3511,угрев,0.261
3675,фукус,0.261
2053,ненцы,0.261
892,дупло,0.261
3946,шевро,0.261
105,ареал,0.261
3855,честь,0.261
29,аграф,0.26
544,выдел,0.26
90,антей,0.26
2697,пятно,0.26
3966,шитье,0.26
577,выход,0.26
3385,тифус,0.26
4116,юнкор,0.26
729,гузно,0.26
3426,траур,0.26
2258,осмий,0.259
108,ариец,0.259
3530,укрюк,0.259
1478,кроль,0.259
4113,юниор,0.258
2956,сдвиг,0.258
2774,репье,0.258
1608,лежни,0.258
1123,игрун,0.258
3179,старь,0.258
3194,стиль,0.257
257,блеск,0.257
2318,отсев,0.257
309,брейк,0.257
3159,спайк,0.257
2506,пласт,0.257
2315,отруб,0.257
306,брань,0.257
1964,мятеж,0.257
3876,чомпи,0.257
3525,уклад,0.257
112,армяк,0.257
2270,остяк,0.257
3964,шитво,0.257
2277,отвал,0.257
4079,элеат,0.256
2051,немые,0.256
2635,причт,0.256
2951,свояк,0.256
38,азиат,0.256
82,ампир,0.256
956,жесть,0.256
3769,хохлы,0.256
2636,приют,0.256
2309,отпад,0.256
4062,щитни,0.256
731,гуляш,0.256
4099,эссен,0.255
1328,клест,0.255
1696,лохмы,0.255
2248,оршад,0.255
451,взвоз,0.254
259,блинт,0.254
2632,принц,0.254
1722,люгер,0.254
3180,стать,0.254
521,враки,0.254
2172,овчар,0.254
2265,осташ,0.253
2045,недуг,0.253
2305,отмах,0.253
3746,хобби,0.253
3442,трояк,0.253
3161,спирт,0.253
453,вздох,0.253
315,бритт,0.253
3506,увраж,0.253
567,выпал,0.253
2845,рунцы,0.253
4117,юннат,0.252
3422,транс,0.252
3669,фрукт,0.252
1140,измол,0.252
2047,немцы,0.252
2161,обход,0.251
48,аксис,0.251
3663,франт,0.251
3941,шванк,0.251
2123,обдел,0.251
3617,фигня,0.251
486,вихрь,0.251
3187,стенд,0.251
1736,ляпис,0.251
2238,оржад,0.251
11,авгит,0.251
1699,лубья,0.25
2269,остюк,0.25
2061,нетяг,0.25
1131,извет,0.25
363,бухло,0.25
98,апноэ,0.25
889,дунцы,0.25
742,гусли,0.25
2628,пресс,0.25
75,амбар,0.25
3170,спуск,0.25
1472,кресс,0.25
2771,репьи,0.25
2197,оксид,0.249
966,жизнь,0.249
39,айван,0.249
1836,месяц,0.249
637,гипюр,0.249
575,высев,0.249
3479,туфля,0.249
1178,ислам,0.249
566,выпад,0.248
574,выруб,0.248
1877,млеко,0.248
584,вятич,0.248
535,вывал,0.248
527,всход,0.248
1108,зудни,0.248
2196,округ,0.248
252,битюг,0.247
2274,отбив,0.247
3802,цепни,0.247
3369,тигли,0.247
2070,никто,0.247
1297,кешью,0.247
4083,эммер,0.247
2856,рыбец,0.247
2062,нефть,0.246
2170,овсец,0.246
1953,мышей,0.246
4127,яичко,0.246
532,выбег,0.246
1602,левый,0.246
3862,чешуя,0.246
102,аргал,0.245
3901,чутье,0.245
3193,стило,0.245
116,архей,0.245
562,вымах,0.245
3273,сытые,0.245
61,алкил,0.244
1329,клеть,0.244
2516,плеть,0.244
3165,спорт,0.244
868,друид,0.244
1085,земцы,0.244
3648,фляер,0.243
3375,типцы,0.243
3777,хунну,0.243
1179,испод,0.243
2294,отказ,0.243
330,бугры,0.243
51,актив,0.243
318,бронь,0.242
3543,униат,0.242
3470,тупцы,0.242
3271,сытый,0.242
2129,обжог,0.242
857,дрань,0.242
3873,число,0.242
4046,щебни,0.242
2253,оскал,0.242
1158,индол,0.242
2788,рифля,0.241
976,жисть,0.241
2304,отлуп,0.241
2948,свист,0.241
807,динги,0.241
767,дегти,0.241
2634,приуз,0.241
2877,рябая,0.241
3431,трест,0.241
2325,отчал,0.241
3086,сленг,0.24
886,думцы,0.24
978,житье,0.24
1711,лысун,0.24
1729,лютич,0.24
1483,круть,0.24
899,дутыш,0.24
2155,обруч,0.24
2158,обсев,0.24
4096,эскер,0.239
1720,любая,0.239
3820,цыган,0.239
3428,трель,0.239
701,грань,0.239
4078,эксод,0.239
2154,обруб,0.239
2118,обвал,0.239
3338,теизм,0.239
3075,скрэб,0.239
3504,убрус,0.239
3051,скало,0.238
2317,отряд,0.238
2753,резцы,0.238
3365,теург,0.238
1471,крепь,0.238
314,бриль,0.238
876,дубье,0.238
4092,эрбий,0.238
3216,стынь,0.238
522,враль,0.238
4106,югрич,0.238
722,гуашь,0.238
1469,кредо,0.238
2946,свиль,0.238
66,алмаз,0.237
2263,осоед,0.237
1182,истец,0.237
1479,кросс,0.237
2336,очерк,0.237
84,ангар,0.237
2625,право,0.237
3061,скепт,0.237
2232,орарь,0.237
4074,эйдос,0.236
3668,фронт,0.236
647,глинт,0.236
1330,клефт,0.236
1847,меццо,0.236
715,грунт,0.236
1921,мужья,0.236
26,агнец,0.236
1336,клуня,0.236
126,асцит,0.235
643,главк,0.235
2066,нивух,0.235
3540,умная,0.235
3080,скунс,0.235
2327,отчим,0.235
1103,зубья,0.235
2507,плато,0.234
1656,липцы,0.234
2191,окоем,0.234
2213,оникс,0.234
368,былье,0.234
1659,липси,0.234
537,вывих,0.234
3808,цикля,0.234
3169,спурт,0.233
93,анчар,0.233
2202,олень,0.233
1477,кровь,0.233
904,дуэль,0.233
1323,кладь,0.233
1325,класс,0.233
1181,иссоп,0.233
4065,щишки,0.233
1133,извод,0.233
3507,углич,0.233
1155,инвар,0.233
1342,кнель,0.232
1931,мунгу,0.232
2832,рубцы,0.232
2861,рыжей,0.232
2650,псарь,0.232
3387,тлень,0.232
4115,юнкер,0.231
2522,плоть,0.231
3059,скейт,0.231
3958,шимми,0.231
3102,смотр,0.231
1148,иксия,0.231
3566,ухват,0.231
913,дюшес,0.23
69,алтын,0.23
3730,хинди,0.23
3432,треть,0.23
2873,рябец,0.23
4132,ямщик,0.23
2316,отрыв,0.23
65,аллюр,0.23
58,алеут,0.229
2076,ничто,0.229
2642,проух,0.229
2283,отгиб,0.229
487,вишну,0.229
2503,плавь,0.229
2291,отжим,0.229
872,дубцы,0.229
3175,стадо,0.229
3087,слизь,0.228
2646,прыть,0.228
448,взбег,0.228
3190,степь,0.227
485,вихры,0.227
630,гиады,0.227
771,деизм,0.227
1280,квадр,0.227
456,взмах,0.227
860,дрель,0.227
2644,прусс,0.227
2641,просо,0.227
2862,рыжий,0.226
1163,интим,0.226
3101,смоль,0.226
1486,крыло,0.225
1136,изгой,0.225
3189,степс,0.225
2505,пламя,0.225
2077,ничья,0.225
3642,флинт,0.225
3184,стезя,0.225
2694,пясть,0.225
3670,фрунт,0.225
122,аспид,0.224
3845,чепцы,0.224
2290,отжиг,0.224
2640,пропс,0.224
3472,тупыш,0.224
2111,нырцы,0.224
1332,клинч,0.224
4128,яишня,0.224
743,гуцул,0.224
86,ангоб,0.224
45,акант,0.224
3974,шкант,0.224
2513,племя,0.223
3975,шквал,0.223
2328,отшиб,0.223
3550,урарт,0.223
2745,регби,0.223
1959,мякиш,0.223
307,брасс,0.222
1125,идиом,0.222
1134,извоз,0.222
117,архив,0.222
2299,откус,0.222
812,длань,0.222
2510,плебс,0.221
550,выжим,0.221
322,брюки,0.221
3616,фигли,0.221
1730,лютня,0.221
2684,пшено,0.221
2157,обряд,0.22
709,гриль,0.22
2701,пятые,0.22
3491,тюрбе,0.22
541,выгиб,0.22
60,алкаш,0.22
3386,ткань,0.22
3191,стерх,0.22
2329,отъем,0.22
4054,щепье,0.22
1112,зыбун,0.22
2515,плесо,0.22
2333,оффис,0.22
2289,отель,0.219
3160,спесь,0.219
3098,смесь,0.219
1343,кнехт,0.219
2324,отцеп,0.219
2164,общее,0.219
3634,фиорд,0.219
3107,снедь,0.219
3794,цевье,0.219
74,амбал,0.218
2217,опарт,0.218
3644,флокс,0.218
2518,плешь,0.218
2947,свинг,0.217
645,глень,0.217
3858,чехлы,0.217
2838,ружье,0.217
1550,кэтти,0.217
1949,мысль,0.217
3684,фуфло,0.217
1186,исход,0.216
2699,пятый,0.216
462,взрыд,0.216
699,гранд,0.216
4138,яспис,0.216
2647,прядь,0.216
3063,скирд,0.216
3423,транш,0.216
1162,инжир,0.216
2250,осень,0.216
85,ангел,0.216
549,выжиг,0.216
1105,зубцы,0.216
96,апекс,0.216
2853,ручьи,0.215
579,вышаг,0.215
4093,эрзац,0.215
3056,скачь,0.214
4049,щеглы,0.214
1333,клипс,0.213
3494,тютюн,0.213
557,выкус,0.213
3265,сыпцы,0.213
1485,кручь,0.213
4140,ястык,0.213
2156,обрыв,0.213
3198,столп,0.212
3094,смазь,0.212
1118,ивняк,0.212
310,бремя,0.212
2127,обжим,0.212
137,ахеец,0.212
793,джинн,0.211
928,емшан,0.211
35,адряс,0.211
3096,смерд,0.211
2868,рычаг,0.211
3088,слово,0.211
613,гвалт,0.21
370,бытье,0.21
1481,кроше,0.21
55,акция,0.21
24,агент,0.209
111,армюр,0.209
3197,столб,0.209
3274,сычуг,0.209
3433,треух,0.209
3866,чипсы,0.208
2251,осетр,0.208
103,аргус,0.208
1951,мытье,0.208
3774,хряск,0.208
963,живье,0.208
311,брешь,0.208
2126,обжиг,0.207
3643,флирт,0.207
3105,смуть,0.207
932,ессей,0.207
317,бронх,0.206
302,браво,0.206
870,дрянь,0.206
2738,рвань,0.206
1157,индий,0.206
524,время,0.206
1190,ишиас,0.206
3053,скарб,0.206
2337,очкур,0.205
520,впуск,0.205
2517,плечо,0.205
1467,крапп,0.205
961,живые,0.204
576,вытье,0.204
461,взрыв,0.204
256,блато,0.204
4073,эдикт,0.204
3976,шкерт,0.204
3956,шиизм,0.204
3542,умолк,0.203
2,абзац,0.203
3214,ступь,0.203
316,бровь,0.203
1283,кварц,0.203
3215,стыдь,0.203
649,глист,0.203
2689,пьеро,0.203
3498,тягач,0.203
1961,мямля,0.203
4101,этвеш,0.202
365,быдло,0.202
2165,объем,0.202
4104,эфиоп,0.202
1149,иктус,0.202
8,абшид,0.201
3664,фрахт,0.201
2166,обыск,0.201
3062,скетч,0.201
3082,слайд,0.201
308,бреве,0.201
3070,скорм,0.2
2167,овист,0.2
3557,успех,0.2
1334,клише,0.2
2187,окиян,0.2
3943,шварт,0.2
4011,шрифт,0.2
3439,трипс,0.2
959,живцы,0.2
2691,пьянь,0.199
3333,твист,0.199
2867,рытье,0.199
1340,клюфт,0.199
3733,хиппи,0.199
3721,хиазм,0.199
3944,шверт,0.198
708,гридь,0.198
37,азарт,0.197
1124,идеал,0.197
3109,сныть,0.197
3646,флюид,0.197
2643,профи,0.197
2203,олеум,0.197
3332,тварь,0.197
4017,штиль,0.196
3097,смерч,0.196
2200,окунь,0.195
2330,офеня,0.195
319,брошь,0.195
1109,зумпф,0.195
3685,фуэте,0.195
4059,щипцы,0.195
702,гребь,0.194
10,аванс,0.194
4126,ягуар,0.193
2173,огонь,0.193
2331,офорт,0.193
3495,тюфяк,0.192
1965,мятье,0.192
463,взыск,0.192
2116,нюанс,0.192
4010,шримс,0.191
2523,плохо,0.191
4015,штаны,0.191
101,арбуз,0.191
1331,клещи,0.191
1726,люпус,0.191
3737,хлест,0.191
2285,отгул,0.191
4001,шпень,0.191
2114,нытье,0.191
2225,оплыв,0.19
3077,скудо,0.19
648,глипт,0.19
4008,шпунт,0.19
3570,учхоз,0.19
3157,спаги,0.189
917,дятлы,0.189
712,гросс,0.189
254,блажь,0.189
858,древо,0.189
258,близь,0.189
1710,лыжня,0.188
3071,скотч,0.188
3666,френч,0.188
2298,откуп,0.188
4121,юрист,0.188
1150,илеус,0.188
1078,звень,0.188
2287,отдух,0.187
92,антре,0.187
94,аншеф,0.187
2880,рядно,0.187
3,аборт,0.187
4003,шпинь,0.187
80,аминь,0.187
3772,хруст,0.187
4016,штейн,0.186
2212,онагр,0.186
3546,унция,0.186
1132,извив,0.186
4097,эскиз,0.185
697,граве,0.185
3497,тябло,0.184
12,авгур,0.184
862,дробь,0.184
2740,рдест,0.184
644,гладь,0.184
756,дверь,0.183
253,благо,0.183
9,аваль,0.183
3940,шваль,0.183
3158,спазм,0.183
543,выгул,0.183
99,апорт,0.183
2653,псише,0.182
54,акциз,0.182
2186,окись,0.182
1130,избач,0.181
3421,трамп,0.181
3980,шланг,0.181
6,абхаз,0.181
657,гниль,0.18
2179,озеро,0.18
4045,шютте,0.18
4018,штифт,0.18
1161,индюк,0.18
547,выдув,0.179
556,выкуп,0.179
3563,утиль,0.179
3076,скуди,0.179
865,дрожь,0.178
4084,энзим,0.178
2829,ртуть,0.178
853,драже,0.178
3984,шмель,0.178
89,анонс,0.178
2953,связь,0.178
714,грудь,0.178
1077,звено,0.177
1093,злато,0.177
312,бридж,0.177
3640,флейт,0.177
3531,уксус,0.176
3775,хряст,0.176
3437,тризм,0.176
3262,съезд,0.175
2211,омуль,0.174
4002,шпиль,0.174
14,аверс,0.174
2222,опись,0.174
2525,пнище,0.174
3638,фланг,0.174
2340,ошкуй,0.173
3519,узанс,0.173
698,грамм,0.173
629,гжель,0.173
3561,утеря,0.172
3424,трапп,0.171
3444,трусы,0.171
2223,опиум,0.171
1135,изгиб,0.17
1079,зверь,0.17
2125,обдув,0.17
3499,тягло,0.169
910,дышло,0.169
2207,олово,0.169
1177,искус,0.169
2180,озимь,0.169
1963,мясцо,0.169
929,ересь,0.169
130,атолл,0.168
1097,знать,0.168
1347,князь,0.168
56,аларм,0.168
905,дщерь,0.168
2148,ободь,0.167
4137,ясень,0.167
3877,чрево,0.167
3446,трюмо,0.166
3742,хмель,0.166
373,бэнди,0.166
264,блядь,0.166
3441,тромп,0.166
3106,смысл,0.166
1712,лысый,0.166
979,жменя,0.165
3985,шмоль,0.165
1160,индус,0.165
3559,уступ,0.164
3440,тромб,0.164
4144,яхонт,0.163
2692,пэтэу,0.163
2177,одурь,0.162
2857,рыбцы,0.161
866,дрозд,0.161
67,алонж,0.16
2262,особь,0.16
3560,устье,0.16
1144,изыск,0.16
719,грязь,0.16
31,адепт,0.16
2192,окорм,0.159
46,аканф,0.159
1337,клупп,0.159
4028,штырь,0.159
263,блюмс,0.159
3716,хвост,0.159
548,выезд,0.158
915,дядья,0.158
2205,олимп,0.157
3512,удаль,0.157
2288,отдых,0.157
77,амбре,0.157
1738,ляссе,0.156
323,брюхо,0.156
3568,ухряб,0.156
3791,цвель,0.156
3738,хлыст,0.155
4009,шпынь,0.155
854,драйв,0.155
2778,ржавь,0.155
4082,эмаль,0.154
3524,уйгур,0.154
2146,обмыв,0.154
3739,хлюст,0.153
2184,окапи,0.152
2159,обувь,0.152
4020,шторм,0.152
2828,ртище,0.152
710,грипп,0.151
262,блюдо,0.151
944,жвало,0.151
1183,истцы,0.151
3715,хворь,0.151
650,глубь,0.151
2293,отзыв,0.15
27,агнцы,0.15
3565,ухарь,0.149
4013,штамм,0.149
2168,овощь,0.149
320,брыжи,0.148
2878,рябые,0.148
4007,шпуля,0.148
138,ахилл,0.147
1096,знамя,0.147
17,авось,0.147
651,глушь,0.147
13,авеню,0.147
3986,шнапс,0.146
4110,юзист,0.146
1721,любые,0.146
859,дрейф,0.145
458,взмыв,0.145
59,алиби,0.144
2874,рябцы,0.144
4139,яство,0.144
2190,оковы,0.144
4124,ягель,0.144
931,есаул,0.143
655,гнейс,0.143
3509,уголь,0.143
3541,умные,0.143
3879,чтиво,0.143
927,емеля,0.142
4014,штамп,0.142
4026,штурм,0.142
4012,штамб,0.14
658,гнусь,0.14
3539,умный,0.14
918,евнух,0.14
4129,якорь,0.139
4109,южане,0.139
526,вспых,0.139
1180,испуг,0.139
3515,удило,0.139
3743,хмурь,0.138
3510,угорь,0.138
920,егерь,0.137
4107,югурт,0.137
3572,ушкуй,0.137
15,авизо,0.136
1717,любви,0.136
32,адити,0.136
1598,лбище,0.135
2171,овсюг,0.134
653,глясе,0.134
2271,осыпь,0.133
4143,ятовь,0.132
1715,льяло,0.132
4122,юферс,0.131
3505,убыль,0.13
814,днище,0.129
531,въезд,0.129
2341,ощупь,0.129
4098,эспри,0.129
869,дрязг,0.129
3822,цэрэу,0.128
4108,юдоль,0.128
3744,хмырь,0.126
3641,флейц,0.126
1116,иваси,0.124
3740,хлябь,0.124
3792,цветы,0.124
1152,имаго,0.123
2780,ржище,0.121
7,абцуг,0.12
3548,упырь,0.12
3687,фьорд,0.12
3981,шлейф,0.118
30,агути,0.118
1143,изъян,0.117
1187,итээр,0.117
1156,ингуш,0.116
980,жмудь,0.113
795,дзюдо,0.113
4088,эпарх,0.113
4141,ясырь,0.113
4089,эпонж,0.112
3514,удерж,0.11
44,акажу,0.108
3555,усище,0.108
1145,изюбр,0.107
3574,ущерб,0.106
4142,ятвяг,0.105
3567,ухожь,0.104
3537,умище,0.104
4105,эшарп,0.103
1153,имидж,0.097
744,гэпэу,0.088
4112,юмизм,0.086
3516,удэге,0.069
3517,удэхе,0.063
